block_timestamp,price
1696323405,1000000000100000000
1696328740,1000000000100000000
1696334120,1000000000100000000
1696339525,1000000000100000000
1696344945,1000000000100000000
1696350350,1000000000100000000
1696355635,1000000000100000000
1696360875,1000000000100000000
1696366230,1000000000100000000
1696371565,1000000000100000000
1696376905,1000000000100000000
1696382280,1000000000100000000
1696387570,1000000000100000000
1696392810,1000000000100000000
1696398100,1000000000100000000
1696403320,1000000000100000000
1696409125,1000000000100000000
1696414720,1000000000100000000
1696420440,1000000000100000000
1696426000,1000000000100000000
1696431400,1000000000100000000
1696436860,1000000000100000000
1696442270,1000000000100000000
1696447760,1000000000100000000
1696453165,1000000000100000000
1696458615,1000000000100000000
1696464095,1000000000100000000
1696469530,1000000000100000000
1696475010,1000000000100000000
1696480420,1000000000100000000
1696485820,1000000000100000000
1696491165,1000000000100000000
1696496555,1000000000100000000
1696501985,1000000000100000000
1696507375,1000000000100000000
1696512840,1000000000100000000
1696518315,1000000000100000000
1696523910,1012244336368446800
1696529330,1012963773189325222
1696534890,1013157402809319859
1696540355,1013297319246939590
1696545830,1013400672412537586
1696551455,1013507302314634740
1696556910,1013605927049900262
1696562330,1013703603919890321
1696567755,1013790245235708288
1696573255,1013886835682611020
1696578670,1013989739426833599
1696584165,1014073291366932637
1696589850,1014169816120715629
1696595460,1014235061461495243
1696600830,1014286100762503129
1696606230,1014335070977095926
1696611585,1014380310163297248
1696616880,1014422585319962835
1696622295,1014451547567505533
1696627685,1014503974089101270
1696632925,1014542125395689516
1696638250,1014577008045740700
1696643545,1014614129450655097
1696648925,1014614129450655097
1696654200,1014696564234735552
1696659415,1014740527560522277
1696664645,1014769298169135059
1696669915,1014824268510655526
1696675180,1014862257428984823
1696680480,1014896138201383379
1696685780,1014929834362540236
1696691125,1014962627340779805
1696696385,1014993912211008552
1696701660,1015024572781865688
1696706960,1015055021197136043
1696712230,1015086366560986907
1696717485,1015116151638502531
1696722840,1015146723718250399
1696728175,1015177240852096296
1696733520,1015207757071520551
1696738860,1015236564585465556
1696744185,1015266872140708658
1696749420,1015297105875478676
1696754705,1015325615062675837
1696760030,1015348888526108863
1696765510,1015379707006682926
1696770875,1015409147942053549
1696776250,1015435974037844972
1696781620,1015462627522136854
1696787100,1015488793533356205
1696792515,1015515415972497678
1696797880,1015542504579666787
1696803345,1015552569003051257
1696808685,1015589519378802854
1696813970,1015617515267623222
1696819290,1015644417399361921
1696824565,1015667382488372971
1696829845,1015691682095770645
1696835100,1015710651192400206
1696840500,1015730177454956582
1696846000,1015748975955830235
1696851415,1015765006264991325
1696856800,1015799899757302632
1696862250,1015821747281021491
1696867735,1015836920971506837
1696873215,1015862013690590745
1696878780,1015883957660891328
1696884245,1015904560177435916
1696889670,1015924745308759106
1696895200,1015945805320415873
1696900675,1015966617737908551
1696906225,1015987219668955150
1696911590,1016007107452093719
1696917015,1016027464881366110
1696922360,1016047971744843235
1696927695,1016067338407095376
1696933135,1016086061593675574
1696938635,1016104364698336024
1696943975,1016120601341984117
1696949350,1016136589051218058
1696954665,1016152544384326636
1696959905,1016167794466056941
1696965170,1016183937151015570
1696970445,1016199022911576853
1696975765,1016213943323177186
1696981045,1016227455115300493
1696986355,1016227455115300493
1696991620,1016254486195074282
1696996885,1016261631906678835
1697002180,1016289019729584311
1697007460,1016306266191814780
1697012695,1016314629875343726
1697017955,1016336912542140110
1697023270,1016351650923199371
1697028490,1016358124375883777
1697033815,1016374462929786646
1697039055,1016392498619017366
1697044350,1016411034038769384
1697049785,1016411034038769384
1697055255,1016444806670614703
1697060575,1016471493184953540
1697065970,1016495623104928325
1697071325,1016498786894926541
1697076695,1016531019549133856
1697082080,1016531019549133856
1697087340,1016562990786990486
1697092655,1016586469984087965
1697097945,1016607433232657568
1697103255,1016628246398636809
1697108540,1016652524075698496
1697113885,1016670000199510247
1697119175,1016690480888393784
1697124505,1016708268882267275
1697129785,1016728213746452747
1697135100,1016744639476444337
1697140470,1016757711734317140
1697145775,1016783713461643085
1697151080,1016799939972843739
1697156380,1016815617388215716
1697161765,1016837927232394427
1697167120,1016857520712091882
1697172405,1016874505619650869
1697177700,1016887251904293025
1697183070,1016911141783865603
1697188360,1016925418218170083
1697193660,1016945686202451247
1697198990,1016959605722035435
1697204290,1016975146483579507
1697209530,1016996696821552975
1697214845,1017009570720505437
1697220140,1017018255519490000
1697225475,1017046053129900396
1697230815,1017064869337601654
1697236135,1017081970216590708
1697241395,1017091082465110099
1697246735,1017091082465110099
1697252005,1017130206455351725
1697257270,1017140793103865060
1697262515,1017162896268821813
1697267745,1017178594311268677
1697273030,1017198809337345292
1697278385,1017214136224978463
1697283655,1017231395217114288
1697288950,1017248267947432975
1697294260,1017262294429040867
1697299645,1017278355141768631
1697305055,1017291849382386401
1697310400,1017306590580810622
1697315830,1017319103547135683
1697321210,1017333615321135933
1697326575,1017342088826914782
1697331885,1017352081617300845
1697337175,1017366867629948784
1697342525,1017366867629948784
1697347870,1017398044407665934
1697353265,1017408154907702336
1697358530,1017420560436035093
1697363910,1017430204941681672
1697369280,1017446514980745393
1697374650,1017454631123966863
1697379975,1017454631123966863
1697385305,1017476517445984284
1697390660,1017498357892088805
1697395965,1017512478402009984
1697401290,1017523183008913929
1697406540,1017535101965273473
1697411865,1017545697108741073
1697417180,1017559745907759549
1697422465,1017559745907759549
1697427710,1017587295952403719
1697432990,1017598698515721346
1697438285,1017606761590618819
1697443665,1017621738982632084
1697449010,1017637871566982355
1697454325,1017639625660555630
1697459635,1017651284413532928
1697464945,1017674942186885583
1697470200,1017685596075043901
1697475510,1017695287320054943
1697480795,1017695287320054943
1697486135,1017720699732577651
1697491425,1017733990522297446
1697496790,1017733990522297446
1697502050,1017761322316004829
1697507285,1017768142303654373
1697512620,1017768142303654373
1697517960,1017799040030505966
1697523285,1017805028041635723
1697528620,1017821477512063038
1697533920,1017821477512063038
1697539275,1017843458490895182
1697544635,1017843458490895182
1697550030,1017872522306140946
1697555450,1017887381579670866
1697560750,1017896554541191509
1697566095,1017901406367304976
1697571540,1017901406367304976
1697576820,1017940660052448501
1697582120,1017953474342560632
1697587475,1017953474342560632
1697592785,1017953474342560632
1697598105,1017988478843889277
1697603470,1018012089146984337
1697608815,1018012089146984337
1697614135,1018036062755372537
1697619405,1018044049523866077
1697624665,1018064964283872257
1697629975,1018077849216490507
1697635365,1018092200986040516
1697640720,1018108293925402595
1697646040,1018112026427893584
1697651340,1018112026427893584
1697656605,1018149052328879005
1697661815,1018149052328879005
1697667050,1018176994825426051
1697672355,1018176994825426051
1697677690,1018197912104473951
1697683170,1018197912104473951
1697688545,1018197912104473951
1697693840,1018197912104473951
1697699165,1018197912104473951
1697704640,1018274779120037066
1697709860,1018289603662682959
1697715600,1018305415494692045
1697720880,1018311749931946698
1697726130,1018322362909142669
1697731455,1018340751976802178
1697737470,1018358507114882901
1697742760,1018358507114882901
1697748040,1018358507114882901
1697753270,1018396727085755577
1697758545,1018409297814045714
1697764610,1018409297814045714
1697769920,1018440534669824169
1697775210,1018458077772815483
1697780465,1018462273675267282
1697785735,1018462273675267282
1697790980,1018496379489993461
1697796320,1018509836235662266
1697801655,1018520398667837092
1697806935,1018537235157414374
1697812145,1018545098492634881
1697817375,1018562505187366088
1697822635,1018565549657869532
1697827950,1018580267551699311
1697833205,1018584015465153415
1697838485,1018597827918450560
1697843695,1018616035930875008
1697848910,1018619285486215254
1697854170,1018635622224851453
1697859405,1018649183105377158
1697864680,1018649183105377158
1697869900,1018674172829868069
1697875175,1018684000356201521
1697880435,1018696760453945311
1697885760,1018706544251680633
1697891140,1018713057913530725
1697896700,1018732898794871842
1697902155,1018744683491316355
1697907580,1018756271772691162
1697912880,1018766769807990794
1697918185,1018766769807990794
1697923570,1018785077111922550
1697928880,1018804606992790107
1697934250,1018812426143291398
1697939670,1018825823604926011
1697944935,1018841500302382754
1697950200,1018848671437813470
1697955510,1018855562012390611
1697960745,1018869754579751672
1697965980,1018882991329053927
1697971350,1018899301546353576
1697976780,1018912095972736860
1697982145,1018918742442088427
1697987435,1018934085485165173
1697992820,1018944678031986562
1697998235,1018957960395492300
1698003675,1018957960395492300
1698009055,1018983969129587563
1698014370,1018990203112231809
1698019745,1019007073371442511
1698025135,1019016097888338400
1698030435,1019023271928270330
1698035740,1019040862022907663
1698041170,1019049011373798717
1698046595,1019061204785882539
1698052025,1019061204785882539
1698057465,1019086407531859704
1698062850,1019086407531859704
1698068240,1019114735163382802
1698073665,1019114735163382802
1698079005,1019134892008007851
1698084420,1019150896857928626
1698089720,1019157466866163952
1698095065,1019173381533404929
1698100375,1019184775044902411
1698105795,1019199481455384607
1698111200,1019199481455384607
1698116650,1019223364355264370
1698122215,1019223364355264370
1698127635,1019223364355264370
1698133115,1019266159959350220
1698138560,1019268632036568506
1698144085,1019288545989349175
1698149450,1019288545989349175
1698154930,1019319422510065799
1698160285,1019330501905187432
1698165765,1019339455342355709
1698171240,1019356893693307502
1698176670,1019368515205134488
1698182160,1019384628682727026
1698187705,1019392492806072982
1698193170,1019404003649206251
1698198760,1019404003649206251
1698204165,1019404003649206251
1698209625,1019404003649206251
1698215240,1019454103348260675
1698220735,1019454103348260675
1698226190,1019454103348260675
1698231690,1019496634950330096
1698237160,1019505954686688547
1698242705,1019529154652365937
1698248190,1019541734788281313
1698253735,1019553334330081791
1698259455,1019569602281154703
1698264905,1019578835158532250
1698270315,1019595745141623075
1698275850,1019598146706258744
1698281335,1019598146706258744
1698286695,1019634910085233875
1698292145,1019644054240704888
1698297760,1019660970817159382
1698303315,1019676861777237291
1698308820,1019686977396217637
1698314185,1019702892666788425
1698319695,1019711672417242242
1698325140,1019726964931732096
1698330570,1019743120340554790
1698336085,1019753900189901925
1698341605,1019769484194717847
1698347010,1019773401549285836
1698352550,1019790604881204108
1698358055,1019800473374669593
1698363540,1019815942697933782
1698369025,1019828615356268214
1698374480,1019843413348491802
1698379970,1019843413348491802
1698385500,1019871227209003207
1698391055,1019882431144451875
1698396690,1019896000836660828
1698402210,1019905969266041005
1698407845,1019922975171630452
1698413435,1019937609646748167
1698419020,1019952943707570093
1698424680,1019964969783603043
1698430340,1019971259659731267
1698436195,1019994301204983202
1698441800,1020009323632428837
1698447545,1020022376791636681
1698453290,1020022376791636681
1698459060,1020053912308671107
1698464810,1020053912308671107
1698470590,1020080585606732267
1698476325,1020091396831635945
1698481945,1020103911106774506
1698487495,1020125138913151357
1698493075,1020131165830683775
1698498560,1020147984699894611
1698504120,1020147984699894611
1698509750,1020147984699894611
1698515235,1020147984699894611
1698520670,1020205686795199398
1698526200,1020219743651682401
1698531740,1020230204381783613
1698537205,1020230204381783613
1698542920,1020230204381783613
1698548470,1020263639212892841
1698554050,1020274441496569505
1698559460,1020274441496569505
1698564985,1020295348416449020
1698570505,1020313850933656665
1698576025,1020321643481476628
1698581560,1020321643481476628
1698587195,1020321643481476628
1698592925,1020362669892228765
1698598555,1020373064921471651
1698604050,1020378548488194853
1698609730,1020386730652768677
1698615255,1020400090092135443
1698620810,1020403930908952237
1698626380,1020422656338328666
1698631950,1020422656338328666
1698637470,1020448956789850677
1698642915,1020464062712837183
1698648440,1020464062712837183
1698654015,1020478397869410681
1698659560,1020478397869410681
1698665100,1020514774032717770
1698670595,1020521064772158931
1698676135,1020526241739063280
1698681745,1020526241739063280
1698687400,1020558087300650993
1698692955,1020571813173567306
1698698435,1020575854461976112
1698703965,1020575854461976112
1698709610,1020605411466178676
1698715255,1020605411466178676
1698720815,1020605411466178676
1698726295,1020640521147692982
1698731750,1020655628452182219
1698737180,1020655628452182219
1698742585,1020679376286836185
1698748005,1020679376286836185
1698753460,1020702862203419927
1698758925,1020712417801850406
1698764325,1020712417801850406
1698769805,1020712417801850406
1698775265,1020746169317155262
1698780750,1020755709969024466
1698786125,1020772225506120563
1698791520,1020772225506120563
1698796875,1020793794116132607
1698802210,1020797358270235104
1698807565,1020818954783835069
1698812880,1020830119383817178
1698818195,1020839238394359999
1698823565,1020839238394359999
1698828930,1020839238394359999
1698834295,1020876885843731683
1698839685,1020882803752356972
1698845150,1020897026235809912
1698850445,1020908493310494235
1698855890,1020923505014255377
1698861335,1020929533966714472
1698866700,1020929533966714472
1698872100,1020951732022967729
1698877420,1020951732022967729
1698882820,1020979102911634867
1698888210,1020997264018059836
1698893535,1020999920899568148
1698898905,1020999920899568148
1698904175,1021039559348857879
1698909530,1021051491050026234
1698914820,1021064572151158230
1698920195,1021079697298720197
1698925525,1021092720572234299
1698930895,1021108644046075365
1698936250,1021121018729940508
1698941580,1021130703024059798
1698946890,1021149879313039593
1698952240,1021162572311738536
1698957660,1021176418024192975
1698963055,1021192123303936722
1698968540,1021196344527566599
1698973885,1021196344527566599
1698979275,1021230664790367876
1698984680,1021230664790367876
1698990020,1021259483312043595
1698995560,1021259483312043595
1699001110,1021291892474647089
1699006580,1021302585073356617
1699012125,1021302585073356617
1699017490,1021327304123466337
1699022810,1021345443793649221
1699028300,1021360012457367588
1699033830,1021373824201473462
1699039235,1021383664688834421
1699044605,1021397676435448393
1699049970,1021397676435448393
1699055315,1021426920053073919
1699060700,1021440353036686114
1699065975,1021440353036686114
1699071450,1021462800850145332
1699076960,1021474900413940276
1699082445,1021496476233449316
1699087890,1021509002900613772
1699093245,1021519797484506651
1699098560,1021519797484506651
1699104110,1021519797484506651
1699109540,1021519797484506651
1699114955,1021519797484506651
1699120305,1021590265316548146
1699125695,1021600337880413146
1699131165,1021614341148978800
1699136580,1021624862728677826
1699142015,1021634573494388513
1699147385,1021649548709492674
1699152745,1021657534460420375
1699158120,1021674216437098483
1699163590,1021683722607714888
1699169005,1021696978786202090
1699174510,1021711603139728552
1699180035,1021719216393938834
1699185415,1021725293568564109
1699190890,1021745394407608441
1699196340,1021758346127118169
1699201760,1021758346127118169
1699207150,1021780336311273123
1699212535,1021795632039106862
1699217995,1021795632039106862
1699223400,1021814399042186162
1699228930,1021814399042186162
1699234395,1021837041147972184
1699239795,1021837041147972184
1699245225,1021857229697414003
1699250635,1021878376065586552
1699256115,1021878376065586552
1699261545,1021878376065586552
1699267125,1021911125515664852
1699272625,1021911125515664852
1699278130,1021930829461870487
1699283555,1021946638877260161
1699288975,1021946638877260161
1699294415,1021965659476036869
1699299865,1021965659476036869
1699305275,1021994133783705716
1699310655,1022010643348358425
1699316015,1022010643348358425
1699321500,1022031646704078898
1699326915,1022046280216848334
1699332325,1022055648733362244
1699337735,1022060948819439545
1699343160,1022075498107083137
1699348660,1022095068339122400
1699354200,1022106097508881299
1699359715,1022119502981239443
1699365155,1022131774637086916
1699370670,1022142306034946892
1699376135,1022150598221079428
1699381600,1022161374820858354
1699387105,1022173492873029482
1699392560,1022182298544572188
1699397970,1022197800178771633
1699403335,1022206801553187101
1699408660,1022215469720331654
1699414090,1022229376449890913
1699419480,1022235577696692145
1699424865,1022248003178024062
1699430275,1022252868293612314
1699435715,1022270340668237445
1699441160,1022282874243152173
1699446615,1022296672314905082
1699452165,1022308311713542011
1699457600,1022316769374475629
1699462945,1022330340333502129
1699468425,1022334791377174191
1699473795,1022349321047520380
1699479180,1022358447848187771
1699484620,1022371196880725137
1699490095,1022382375306468698
1699495570,1022382375306468698
1699501020,1022405761330152497
1699506450,1022416793960531267
1699511870,1022416793960531267
1699517365,1022432163666034734
1699522725,1022432163666034734
1699528220,1022461867582922592
1699533610,1022473302255828225
1699539085,1022483761964438949
1699544520,1022496167165263175
1699549980,1022507466704584024
1699555410,1022517663850804843
1699560865,1022529485323701567
1699566355,1022540331403222176
1699571775,1022553226424867135
1699577115,1022560848760856401
1699582500,1022573082445279672
1699587920,1022585256916330467
1699593380,1022591311177469041
1699598805,1022608715567569082
1699604245,1022620869896501704
1699609645,1022630625043106434
1699615055,1022642912499920820
1699620460,1022654214752759577
1699625820,1022666302215802549
1699631250,1022677244282350947
1699636655,1022688590832493864
1699642135,1022695680294123986
1699647615,1022710153131073549
1699653120,1022723527841668137
1699658490,1022736971488372687
1699663890,1022736971488372687
1699669270,1022760650554833691
1699674655,1022770694913056231
1699680115,1022785746141257829
1699685525,1022797846417603411
1699690900,1022810444987239963
1699696305,1022826013705700975
1699701605,1022839946228442676
1699707035,1022851611977019858
1699712425,1022865577962326200
1699717940,1022877905944364619
1699723455,1022889759905430637
1699728905,1022904364383951309
1699734375,1022904364383951309
1699739880,1022927408862963060
1699745370,1022927408862963060
1699750775,1022945103842144075
1699756560,1022957681130933886
1699762200,1022978412883337440
1699767865,1022987200184121173
1699773620,1023002220885715832
1699779365,1023012452209675680
1699785065,1023031240437969261
1699790775,1023040722667366944
1699796460,1023060848781298061
1699802055,1023065681380830309
1699807835,1023079812927192519
1699813620,1023102705581606904
1699819265,1023115150866288504
1699825020,1023123937148143509
1699830415,1023134168930507936
1699835735,1023151018471387220
1699841120,1023151018471387220
1699846615,1023151018471387220
1699852090,1023183251379311241
1699857485,1023183251379311241
1699862850,1023183251379311241
1699868315,1023230363403572998
1699873805,1023237012952367274
1699879180,1023246438999533753
1699884525,1023264800147526003
1699889950,1023278798900755837
1699895375,1023283326045900817
1699900810,1023299617204847063
1699906195,1023313024804990527
1699911560,1023328463036767459
1699916965,1023330758153473842
1699922355,1023347024579049774
1699927675,1023353578139504103
1699933085,1023369477998265378
1699938395,1023377968613403357
1699943770,1023377968613403357
1699949060,1023377968613403357
1699954340,1023417514400490661
1699959645,1023420543223443756
1699964950,1023438969857025765
1699970280,1023449411042815915
1699975660,1023453547481670410
1699981035,1023461812363202220
1699986385,1023478341742973212
1699991745,1023487066538680739
1699997170,1023495815634617175
1700002655,1023502371056102984
1700008000,1023502371056102984
1700013345,1023502371056102984
1700018720,1023502371056102984
1700024070,1023502371056102984
1700029465,1023502371056102984
1700034865,1023566416521321221
1700040175,1023573031768905833
1700045550,1023583047262493541
1700050875,1023595522384950536
1700056210,1023595522384950536
1700061520,1023607024692076766
1700066925,1023618572135614692
1700072300,1023632796624842778
1700077605,1023642086441596805
1700082950,1023652474200373446
1700088280,1023657499964029443
1700093600,1023657499964029443
1700098910,1023682643542118091
1700104275,1023690983868535334
1700109625,1023690983868535334
1700115015,1023690983868535334
1700120430,1023714105834287649
1700125770,1023714105834287649
1700131210,1023740240998115292
1700136640,1023750499282198230
1700142095,1023750499282198230
1700147550,1023769209752496369
1700153115,1023772897088373914
1700158535,1023786924473057534
1700164000,1023797828494656052
1700169415,1023803689971023442
1700174785,1023812015619203105
1700180165,1023812015619203105
1700185590,1023828581368097373
1700191040,1023840871518082159
1700196390,1023840871518082159
1700201725,1023856504196553946
1700207125,1023856504196553946
1700212500,1023885739874897873
1700217845,1023894666384777802
1700223190,1023899379064809751
1700228630,1023919834181229061
1700233995,1023923169658692173
1700239410,1023938382532600046
1700244715,1023949909721347258
1700250185,1023956136107525314
1700255680,1023973785297053179
1700261155,1023974834288750723
1700266565,1023995515785206335
1700272020,1023997066075987523
1700277405,1024015339404066624
1700282795,1024015339404066624
1700288185,1024015339404066624
1700293525,1024015339404066624
1700298940,1024060385114345081
1700304330,1024060385114345081
1700309740,1024076681375726779
1700315205,1024076681375726779
1700320595,1024101966912365267
1700325945,1024114227202235102
1700331220,1024117592329238688
1700336545,1024128047344430410
1700341910,1024128047344430410
1700347295,1024148456659612909
1700352610,1024165913441341683
1700357945,1024170097223857804
1700363230,1024184710541317178
1700368565,1024184710541317178
1700373865,1024184710541317178
1700379150,1024219355947504331
1700384470,1024219355947504331
1700389815,1024242006392802771
1700395120,1024243729101022013
1700400465,1024260869664871960
1700405830,1024268454429994734
1700411290,1024282127163771912
1700416610,1024290627780663218
1700421910,1024296109196882181
1700427300,1024296109196882181
1700432745,1024319488811319930
1700438040,1024319488811319930
1700443390,1024319488811319930
1700448760,1024337429690647430
1700454080,1024342274254524611
1700459455,1024342274254524611
1700464785,1024342274254524611
1700470115,1024388703792275827
1700475515,1024401056749329336
1700480835,1024413741170169389
1700486285,1024423175076151320
1700491695,1024423175076151320
1700497015,1024423175076151320
1700502420,1024423175076151320
1700507745,1024472746807763047
1700513105,1024472746807763047
1700518450,1024503678036299503
1700523760,1024517406736609398
1700529115,1024518027513419373
1700534430,1024518027513419373
1700539750,1024518027513419373
1700545075,1024560359639786162
1700550455,1024560359639786162
1700555775,1024585353726443722
1700561105,1024605729539156160
1700566450,1024617319306448029
1700571800,1024627084348044139
1700577190,1024627084348044139
1700582545,1024627084348044139
1700587925,1024664856978967241
1700593255,1024680775894260284
1700598665,1024695590292225475
1700604050,1024704498087621697
1700609435,1024719746260817241
1700614770,1024733401024552824
1700620115,1024734799106578074
1700625455,1024756724280438771
1700630805,1024756724280438771
1700636210,1024756724280438771
1700641570,1024791252423119096
1700646920,1024807131065748674
1700652335,1024818970873599208
1700657840,1024827339531771675
1700663140,1024840550609783369
1700668555,1024840550609783369
1700674175,1024867532472470757
1700679840,1024885070727834290
1700685470,1024896446997102972
1700690920,1024910519706769455
1700696310,1024910519706769455
1700701770,1024937507680784128
1700707135,1024937507680784128
1700712475,1024942595283153241
1700717895,1024942595283153241
1700723205,1024942595283153241
1700728540,1024983366623676517
1700733915,1024996174078027704
1700739220,1025004879332711431
1700744555,1025009802973046138
1700750095,1025029615765235164
1700755575,1025038491025734628
1700760995,1025053979728200482
1700766310,1025053979728200482
1700771690,1025074592585045576
1700776960,1025085607758356505
1700782215,1025085607758356505
1700787595,1025112843146623650
1700792985,1025113620477382365
1700798280,1025113620477382365
1700803605,1025113620477382365
1700808965,1025113620477382365
1700814445,1025170808266174819
1700819745,1025180211831730225
1700824960,1025180211831730225
1700830190,1025200455519347410
1700835400,1025207440900262559
1700840665,1025226043276895133
1700845990,1025226043276895133
1700851210,1025226043276895133
1700856445,1025253043282714676
1700861735,1025272556567257759
1700866960,1025283395976836301
1700872180,1025283395976836301
1700877440,1025298123465683738
1700882655,1025314301698936244
1700887895,1025322809383065767
1700893155,1025338318255371110
1700898390,1025338318255371110
1700903620,1025338318255371110
1700908805,1025367690951190186
1700914035,1025383436656375447
1700919235,1025383436656375447
1700924495,1025398892258156556
1700929805,1025409260685484482
1700935090,1025424731901765979
1700940350,1025434870573141599
1700945620,1025434870573141599
1700950940,1025434870573141599
1700956190,1025475434987419050
1700961425,1025475434987419050
1700966655,1025500155193845481
1700971910,1025503438052466648
1700977175,1025503438052466648
1700982480,1025508793776483158
1700987690,1025512529421768008
1700992925,1025515619523920779
1700998190,1025518522375541755
1701003465,1025519207946635702
1701008705,1025521825048971931
1701013995,1025526852377219309
1701019265,1025530127456225553
1701024505,1025530127456225553
1701029755,1025535980289125756
1701035030,1025537984407363161
1701040305,1025542473011612776
1701045565,1025545111238021524
1701050870,1025546335263086554
1701056125,1025546335263086554
1701061420,1025546335263086554
1701066675,1025546335263086554
1701071910,1025546335263086554
1701077195,1025546335263086554
1701082475,1025566374760020646
1701087750,1025571005629656844
1701092995,1025571005629656844
1701098245,1025581009407342466
1701103485,1025581009407342466
1701108765,1025581009407342466
1701113995,1025594659316086428
1701119230,1025597000780047914
1701124465,1025604207114461243
1701129690,1025604207114461243
1701134960,1025604207114461243
1701140210,1025604207114461243
1701145495,1025604207114461243
1701150720,1025622674310768627
1701155985,1025628530268660820
1701161320,1025634710563794526
1701166575,1025639291189317322
1701171840,1025639291189317322
1701177075,1025639291189317322
1701182290,1025652371074145144
1701187530,1025652371074145144
1701192745,1025658644703157806
1701197970,1025665751273649473
1701203185,1025667729339250451
1701208425,1025673548400381641
1701213645,1025676523543478476
1701218905,1025676523543478476
1701224180,1025684145585246943
1701229440,1025700234313633147
1701234645,1025714024500771775
1701239910,1025739753438595318
1701245160,1025739753438595318
1701250445,1025810095951808261
1701255695,1025816685902350374
1701260920,1025858818438502025
1701266250,1025870379316883555
1701271480,1025903077865013174
1701276710,1025903077865013174
1701281890,1025936409765290863
1701287115,1025936409765290863
1701292375,1025995126206479479
1701297685,1026012662156910688
1701302975,1026012662156910688
1701308325,1026041582472413731
1701313530,1026041582472413731
1701318775,1026041582472413731
1701324115,1026041582472413731
1701329355,1026138316199107665
1701334580,1026156752770451275
1701339830,1026165395521301966
1701345120,1026197994681792757
1701350425,1026215095002126852
1701355705,1026239754705271448
1701360930,1026259072201579171
1701366180,1026279212721272493
1701371460,1026299716861630848
1701376790,1026312722767207345
1701382085,1026312722767207345
1701387380,1026350153881944810
1701392665,1026379430956282923
1701397930,1026396165614625381
1701403230,1026428944271435511
1701408490,1026437813541196265
1701413775,1026456475691545504
1701419060,1026489037553540209
1701424315,1026507924208345666
1701429570,1026514483269023556
1701434790,1026550721858300318
1701440055,1026564861704850451
1701445325,1026564861704850451
1701450635,1026610608378470067
1701455885,1026614864125060702
1701461160,1026654029236855364
1701466420,1026666013510963761
1701471650,1026693421763655026
1701476895,1026696263083812545
1701482160,1026696263083812545
1701487360,1026696263083812545
1701492590,1026696263083812545
1701497875,1026696263083812545
1701503050,1026696263083812545
1701508300,1026757972840996983
1701513505,1026767180813919991
1701518785,1026782010932611110
1701524015,1026789602223714782
1701529315,1026795643639265262
1701534575,1026795643639265262
1701539850,1026828899190415586
1701545075,1026828899190415586
1701550325,1026853275289356239
1701555610,1026853275289356239
1701560895,1026867756023002064
1701566220,1026867756023002064
1701571485,1026894683526302836
1701576785,1026894683526302836
1701582035,1026894683526302836
1701587305,1026894683526302836
1701592600,1026894683526302836
1701597825,1026960368228762829
1701603035,1026969194783459942
1701608265,1026969194783459942
1701613525,1026969194783459942
1701618820,1026969194783459942
1701624085,1027016971328590178
1701629375,1027025774026079813
1701634685,1027039458481503769
1701639935,1027051108480123176
1701645265,1027051108480123176
1701650530,1027073871832280316
1701655810,1027087163125267152
1701661050,1027101367534013220
1701666320,1027114841705568962
1701671590,1027114841705568962
1701676835,1027137809780518845
1701682070,1027146864913270382
1701687305,1027157882906846229
1701692500,1027157882906846229
1701697695,1027180251502958538
1701702940,1027196117858817443
1701708135,1027210550653311679
1701713370,1027218764875943280
1701718640,1027232879730401055
1701723865,1027241934172588549
1701729040,1027241934172588549
1701734275,1027241934172588549
1701739535,1027241934172588549
1701744765,1027241934172588549
1701749955,1027241934172588549
1701755125,1027307850518536778
1701760340,1027307850518536778
1701765525,1027337276464598582
1701770740,1027337276464598582
1701775990,1027360592171542220
1701781325,1027366822818187133
1701786635,1027366822818187133
1701791855,1027366822818187133
1701797080,1027408094949000473
1701802380,1027416776884085380
1701807575,1027429533096237589
1701812775,1027433853890336356
1701817945,1027456700216475179
1701823075,1027457991923753907
1701828250,1027478121998858747
1701833500,1027490507432637899
1701838710,1027490507432637899
1701843935,1027513601715307755
1701849155,1027520230443084007
1701854400,1027520230443084007
1701859675,1027520230443084007
1701864925,1027520230443084007
1701870145,1027575552291453335
1701875380,1027585716974120788
1701880645,1027596121357787888
1701885940,1027606079343290136
1701891170,1027624415815307082
1701896385,1027624415815307082
1701901610,1027643093631087745
1701906805,1027650876047060636
1701912075,1027650876047060636
1701917335,1027650876047060636
1701922600,1027688437524893810
1701927855,1027688437524893810
1701933140,1027718140272391989
1701938455,1027732383331779368
1701943690,1027742587979424933
1701948895,1027754245522588469
1701954065,1027767264602751471
1701959305,1027774368643831348
1701964550,1027789630079845256
1701969805,1027798430215479264
1701975035,1027813138502129449
1701980215,1027824323229873896
1701985445,1027838999925536480
1701990765,1027850862139066054
1701996025,1027861161666747339
1702001320,1027875265500335504
1702006525,1027876966696129919
1702011690,1027876966696129919
1702016965,1027908140010536027
1702022175,1027921439420393183
1702027415,1027921439420393183
1702032670,1027921439420393183
1702037925,1027921439420393183
1702043190,1027930646700091733
1702048470,1027945137812418862
1702053675,1027965185633634566
1702058920,1027977816258069905
1702064155,1027985981026586191
1702069350,1028001498052098477
1702074515,1028014670589949774
1702079760,1028014670589949774
1702085045,1028038302436383801
1702090250,1028048350779220559
1702095455,1028048350779220559
1702100735,1028074907204516792
1702105945,1028074907204516792
1702111195,1028101923082444357
1702116495,1028101923082444357
1702121735,1028131923489714674
1702127005,1028142581855142804
1702132320,1028152997891582589
1702137490,1028170834645628982
1702142665,1028170834645628982
1702147930,1028195744185309777
1702153170,1028208254258094085
1702158420,1028208254258094085
1702163695,1028236919841425897
1702168890,1028236919841425897
1702174140,1028257201995083353
1702179320,1028257201995083353
1702184555,1028257201995083353
1702189810,1028257201995083353
1702195040,1028257201995083353
1702200260,1028326557976264583
1702205580,1028341025712947963
1702210810,1028341025712947963
1702216040,1028366788040965315
1702221245,1028375955187475127
1702226525,1028383232108644904
1702231835,1028383232108644904
1702237090,1028383232108644904
1702242305,1028426473510415833
1702247475,1028426473510415833
1702252695,1028452062281367468
1702257880,1028467303588470559
1702263100,1028467303588470559
1702268320,1028495123695886171
1702273585,1028503458792643738
1702278850,1028517495292689873
1702284060,1028533513858351551
1702289330,1028535929604995015
1702294600,1028535929604995015
1702299915,1028571214382844015
1702305180,1028578942981218021
1702310435,1028591764285235604
1702315760,1028600210936484422
1702320990,1028613854550852403
1702326190,1028613854550852403
1702331410,1028613854550852403
1702336590,1028613854550852403
1702341740,1028613854550852403
1702346995,1028613854550852403
1702352195,1028613854550852403
1702357420,1028613854550852403
1702362675,1028613854550852403
1702367910,1028613854550852403
1702373150,1028725399986457665
1702378380,1028733218904329952
1702383545,1028743395761995272
1702388785,1028754573415523053
1702394055,1028760271817268708
1702399295,1028772900465195667
1702404530,1028790652449621092
1702409765,1028790652449621092
1702415020,1028803773723305452
1702420180,1028819659116088672
1702425365,1028829192498121411
1702430565,1028829192498121411
1702435795,1028853842346462642
1702441040,1028862210888918092
1702446225,1028862210888918092
1702451430,1028862210888918092
1702456630,1028899332152457562
1702461805,1028904398431984559
1702467040,1028904398431984559
1702472280,1028904398431984559
1702477490,1028936526224098101
1702482725,1028936526224098101
1702487855,1028961002928519566
1702493040,1028974957272830713
1702498260,1028985737392712750
1702503530,1028992281179720135
1702508740,1029002403098417564
1702513990,1029018206192471302
1702519150,1029030790486967562
1702524405,1029030790486967562
1702529635,1029030790486967562
1702534910,1029030790486967562
1702540190,1029030790486967562
1702545485,1029083436201372507
1702550660,1029090649886308569
1702555835,1029090649886308569
1702561085,1029113044830002855
1702566275,1029118894623603052
1702571530,1029138737583550934
1702576795,1029149174762677097
1702582025,1029154653967409182
1702587230,1029173476871981693
1702592450,1029173476871981693
1702597665,1029193686891715198
1702602885,1029210628755071584
1702608140,1029219226882247617
1702613455,1029219226882247617
1702618740,1029219226882247617
1702623985,1029259846269786509
1702629230,1029267208772208553
1702634525,1029267208772208553
1702639775,1029286984032593930
1702645050,1029306332783622515
1702650330,1029314827368951493
1702655620,1029331435605388255
1702660905,1029331435605388255
1702666255,1029331435605388255
1702671525,1029368501533120620
1702676840,1029368501533120620
1702682115,1029383705647487274
1702687345,1029394914766509330
1702692600,1029413441762724355
1702697945,1029429212883485975
1702703240,1029443530341758143
1702708540,1029443530341758143
1702713850,1029460565501470037
1702719090,1029473795070524114
1702724375,1029487778218809368
1702729620,1029487778218809368
1702734885,1029515145769972247
1702740140,1029523742408010257
1702745345,1029523742408010257
1702750575,1029541728486024907
1702755945,1029564476540387671
1702761240,1029564476540387671
1702766470,1029564476540387671
1702771725,1029599141092170018
1702777045,1029606991167426539
1702782325,1029623152874381011
1702787675,1029635938369269539
1702792985,1029635938369269539
1702798275,1029654382470823882
1702803610,1029674985310411504
1702808865,1029681285591776099
1702814135,1029694783513596233
1702819330,1029694783513596233
1702824500,1029694783513596233
1702829635,1029694783513596233
1702834800,1029694783513596233
1702839940,1029712110612483926
1702845165,1029725480699288399
1702850370,1029725480699288399
1702855595,1029745098892354766
1702860780,1029762984035032713
1702866000,1029765370114175269
1702871165,1029782149635701820
1702876400,1029782149635701820
1702881575,1029810502815915995
1702886790,1029811305670186760
1702892060,1029811305670186760
1702897265,1029834918128159306
1702902430,1029847728594024801
1702907695,1029847728594024801
1702912885,1029879370341854033
1702918055,1029889923548335337
1702923260,1029891358801591391
1702928490,1029891358801591391
1702933640,1029922382881204294
1702938825,1029935298598735909
1702944095,1029935298598735909
1702949295,1029959892765485231
1702954545,1029960213052635210
1702959760,1029977149847778835
1702964995,1029989478320790558
1702970225,1029989478320790558
1702975410,1029989478320790558
1702980660,1030024745547147772
1702985945,1030024745547147772
1702991195,1030024745547147772
1702996425,1030024745547147772
1703001750,1030024745547147772
1703007025,1030084085526629149
1703012305,1030088577497757959
1703017480,1030109423323900886
1703022680,1030121547981042825
1703027865,1030130230247342233
1703033105,1030130230247342233
1703038305,1030130230247342233
1703043560,1030130230247342233
1703048810,1030173033962346424
1703054105,1030173033962346424
1703059350,1030196087402555740
1703064570,1030196087402555740
1703069800,1030196087402555740
1703075010,1030234188676179733
1703080195,1030234188676179733
1703085445,1030234188676179733
1703090655,1030234188676179733
1703095845,1030234188676179733
1703101075,1030290581256741826
1703106285,1030302444123062063
1703111495,1030313260593852715
1703116670,1030321268835029579
1703121895,1030335115807861897
1703127150,1030348013118230224
1703132450,1030350311785780484
1703137655,1030365504055694418
1703142850,1030365504055694418
1703148050,1030390772885079103
1703153320,1030394011656358040
1703158545,1030415122699962547
1703163700,1030423543747834054
1703169125,1030423543747834054
1703174355,1030423543747834054
1703179585,1030423543747834054
1703184835,1030461305746956692
1703190065,1030472237711638358
1703195320,1030488827593166390
1703200540,1030505225701539325
1703205810,1030505590820898093
1703211000,1030520504943465133
1703216265,1030534871704436182
1703221530,1030534871704436182
1703226805,1030560802738293964
1703232070,1030560802738293964
1703237385,1030580669233049974
1703242605,1030586650200143066
1703247900,1030603450081275624
1703253170,1030617371389893719
1703258425,1030623809539622735
1703263610,1030633764311187445
1703268905,1030647008401005638
1703274205,1030653629314675697
1703279415,1030653629314675697
1703284650,1030685290572793385
1703289920,1030685290572793385
1703295170,1030708122138349771
1703300400,1030714689101446157
1703305700,1030714689101446157
1703310945,1030714689101446157
1703316180,1030714689101446157
1703321440,1030765590559569100
1703326620,1030765590559569100
1703331870,1030787084785174051
1703337120,1030792780770494127
1703342315,1030806913375406112
1703347530,1030806913375406112
1703352710,1030806913375406112
1703357970,1030840923286178327
1703363210,1030846086543640981
1703368415,1030863932106486802
1703373595,1030863932106486802
1703378860,1030863932106486802
1703384120,1030891442345568168
1703389480,1030891442345568168
1703394740,1030914737134441833
1703399985,1030914737134441833
1703405200,1030944238334969621
1703410425,1030957740371890628
1703415675,1030958562899118819
1703420945,1030981618252547267
1703426180,1030981807379779345
1703431440,1030995524565919734
1703436635,1030995524565919734
1703441905,1031022423669318742
1703447130,1031038542472179314
1703452390,1031049640362778359
1703457645,1031049640362778359
1703462920,1031049640362778359
1703468175,1031078144461490569
1703473435,1031078144461490569
1703478655,1031078144461490569
1703483835,1031078144461490569
1703489060,1031078144461490569
1703494310,1031144529716930995
1703499620,1031144529716930995
1703504845,1031157272065059818
1703510015,1031175988484624044
1703515285,1031186315661073978
1703520510,1031186315661073978
1703525720,1031186315661073978
1703530985,1031218098365508939
1703536205,1031235797282061255
1703541430,1031242949579966463
1703546605,1031256399729721330
1703551885,1031264010580485802
1703557165,1031275108351258624
1703562375,1031294632078362739
1703567705,1031294632078362739
1703572960,1031316091277835187
1703578215,1031323475072707007
1703583555,1031323475072707007
1703588855,1031323475072707007
1703594195,1031323475072707007
1703599510,1031377644762799904
1703604790,1031377644762799904
1703610080,1031377644762799904
1703615325,1031410613312096506
1703620675,1031421687369398672
1703625985,1031431373319755242
1703631335,1031448075604175919
1703636600,1031448075604175919
1703641870,1031463696363988371
1703647075,1031483886475763455
1703652280,1031496716466674341
1703657560,1031499343676456842
1703662830,1031499343676456842
1703668160,1031521225550224635
1703673425,1031521225550224635
1703678700,1031555088801525295
1703684060,1031555088801525295
1703689335,1031571565145883973
1703694660,1031571565145883973
1703699955,1031599795938282258
1703705310,1031617227879219117
1703710615,1031617227879219117
1703715900,1031640120720747842
1703721145,1031640120720747842
1703726385,1031662786117897231
1703731780,1031666075467590764
1703737065,1031684051709886468
1703742375,1031692798811588707
1703747655,1031692798811588707
1703752985,1031692798811588707
1703758295,1031692798811588707
1703763630,1031692798811588707
1703768920,1031692798811588707
1703774230,1031764268180231808
1703779570,1031764268180231808
1703784910,1031764268180231808
1703790175,1031806509358596129
1703795475,1031806509358596129
1703800740,1031806509358596129
1703806065,1031806509358596129
1703811410,1031806509358596129
1703816765,1031875234589998690
1703822080,1031875234589998690
1703827365,1031875234589998690
1703832685,1031875234589998690
1703837955,1031917880154804944
1703843350,1031938465614752134
1703848690,1031950630977987019
1703854130,1031950630977987019
1703859440,1031950630977987019
1703864765,1031979157806515863
1703870065,1031979157806515863
1703875355,1032006590523484077
1703880575,1032018695640747602
1703885930,1032018695640747602
1703891225,1032038156173941692
1703896605,1032055540753153513
1703901960,1032070371610937114
1703907260,1032070371610937114
1703912590,1032070371610937114
1703917860,1032099900139013229
1703923145,1032113939910135605
1703928440,1032113939910135605
1703933760,1032113939910135605
1703939075,1032151945285606596
1703944485,1032151945285606596
1703949870,1032170825029380972
1703955165,1032186755891873311
1703960505,1032202371162993597
1703965860,1032202371162993597
1703971185,1032224426564525159
1703976470,1032224426564525159
1703981850,1032254603932682353
1703987185,1032269407203867101
1703992570,1032278215099559494
1703997950,1032278215099559494
1704003325,1032278215099559494
1704008645,1032318492340621448
1704013920,1032318492340621448
1704019300,1032343537121151073
1704024605,1032357673214291513
1704029910,1032357673214291513
1704035240,1032382425045960591
1704040530,1032382425045960591
1704045870,1032402433954929841
1704051180,1032418712963482393
1704056540,1032425820866194522
1704061850,1032425820866194522
1704067235,1032453654839988586
1704072585,1032453654839988586
1704077895,1032453654839988586
1704083190,1032485500612277212
1704088550,1032485500612277212
1704093935,1032485500612277212
1704099255,1032523328382814167
1704104610,1032523328382814167
1704109970,1032523328382814167
1704115370,1032523328382814167
1704120700,1032575766097902592
1704126020,1032575766097902592
1704131390,1032575766097902592
1704136750,1032575766097902592
1704142055,1032622047713417912
1704147415,1032636364361708397
1704152735,1032649533870419916
1704158100,1032657102685701611
1704163435,1032657102685701611
1704168780,1032681330013245232
1704174210,1032681330013245232
1704179500,1032681330013245232
1704184815,1032681330013245232
1704190140,1032681330013245232
1704195480,1032681330013245232
1704200825,1032756871192522339
1704206225,1032756871192522339
1704211510,1032776904198027144
1704216845,1032790174384158447
1704222215,1032805685306454610
1704227595,1032813119766871804
1704233050,1032828688836269501
1704238520,1032832914416351950
1704243915,1032843051190813745
1704249220,1032843051190813745
1704254575,1032843051190813745
1704259970,1032887402637739162
1704265365,1032887402637739162
1704270700,1032911545313370809
1704276110,1032911545313370809
1704281485,1032911545313370809
1704286840,1032950465484590034
1704292255,1032950465484590034
1704297690,1032968393446270505
1704303080,1032981525153960496
1704308465,1032996196640464979
1704313870,1033008546070927161
1704319240,1033008546070927161
1704324665,1033008546070927161
1704329975,1033008546070927161
1704335415,1033008546070927161
1704340810,1033072407000169247
1704346290,1033074180868979807
1704351740,1033074180868979807
1704357135,1033105999652361649
1704362530,1033119321397757263
1704367955,1033127908804702191
1704373340,1033137622004035971
1704378775,1033155418440607079
1704384230,1033170855630397725
1704389680,1033182377593512646
1704395155,1033191429682260081
1704400525,1033200770690515033
1704405890,1033200770690515033
1704411360,1033216798045897197
1704416780,1033228610236773557
1704422275,1033243987688821567
1704427685,1033243987688821567
1704433020,1033243987688821567
1704438530,1033243987688821567
1704443985,1033292366893300317
1704449430,1033312794541961222
1704454875,1033323902072549398
1704460370,1033323902072549398
1704465795,1033323902072549398
1704471115,1033323902072549398
1704476570,1033380912346609947
1704481945,1033385996006114250
1704487370,1033404577726450438
1704492705,1033404577726450438
1704498130,1033404577726450438
1704503480,1033404577726450438
1704508870,1033463582057011148
1704514245,1033463582057011148
1704519520,1033463582057011148
1704524895,1033501417634045144
1704530290,1033501417634045144
1704535680,1033501417634045144
1704540975,1033501417634045144
1704546245,1033549622660916114
1704551680,1033549622660916114
1704557000,1033582468762541549
1704562320,1033582468762541549
1704567730,1033606518438692625
1704573050,1033606518438692625
1704578415,1033606518438692625
1704583800,1033606518438692625
1704589185,1033606518438692625
1704594550,1033606518438692625
1704599835,1033606518438692625
1704605125,1033694691613544773
1704610350,1033694691613544773
1704615750,1033730033110105024
1704621090,1033730033110105024
1704626485,1033761564828633197
1704631760,1033771438120213232
1704637180,1033786246545637011
1704642485,1033786246545637011
1704647905,1033809408405767067
1704653240,1033817065741328117
1704658615,1033837556879251719
1704663915,1033854986583046277
1704669245,1033854986583046277
1704674655,1033861733196035684
1704680090,1033861733196035684
1704685510,1033861733196035684
1704690895,1033861733196035684
1704696355,1033861733196035684
1704701770,1033861733196035684
1704707200,1033861733196035684
1704712690,1033861733196035684
1704718035,1033861733196035684
1704723360,1033972160745880679
1704728750,1033982986517822231
1704734055,1033982986517822231
1704739405,1033982986517822231
1704744775,1034015473576638091
1704750160,1034031978550935988
1704755580,1034045705938975485
1704760895,1034045705938975485
1704766200,1034045705938975485
1704771620,1034045705938975485
1704776935,1034045705938975485
1704782250,1034107164732952404
1704787605,1034113040442044047
1704793035,1034113040442044047
1704798405,1034143650712737842
1704803805,1034156992868790781
1704809095,1034156992868790781
1704814445,1034156992868790781
1704819890,1034185585050923574
1704825220,1034204231077561642
1704830600,1034211168075055068
1704835900,1034219036825908617
1704841335,1034236446127641400
1704846615,1034250746885625652
1704851980,1034263186107762078
1704857290,1034267886730553051
1704862695,1034283629632820199
1704868030,1034283629632820199
1704873380,1034283629632820199
1704878775,1034283629632820199
1704884185,1034335694538660174
1704889650,1034335694538660174
1704895110,1034357727080595284
1704900485,1034364174398541289
1704905825,1034383516223978515
1704911255,1034386141679079921
1704916635,1034407148084697742
1704922035,1034407148084697742
1704927390,1034430071695785145
1704932730,1034434492377556598
1704938080,1034438602996286945
1704943485,1034454351007514415
1704948940,1034470242712766118
1704954275,1034471767784904053
1704959675,1034490688895274639
1704965190,1034490688895274639
1704970565,1034515004022887554
1704975990,1034515004022887554
1704981375,1034515004022887554
1704986785,1034552520538342329
1704992130,1034552520538342329
1704997540,1034552520538342329
1705002960,1034590413630321143
1705008455,1034590413630321143
1705013860,1034590413630321143
1705019315,1034615992253481847
1705024695,1034615992253481847
1705030190,1034615992253481847
1705035620,1034657859485771671
1705041075,1034673340443087623
1705046535,1034681910537822506
1705051990,1034697730645032968
1705057510,1034703151841573467
1705062990,1034715092797693012
1705068310,1034732787974020347
1705073605,1034732787974020347
1705078925,1034732787974020347
1705084290,1034765971183788213
1705089600,1034773114157245054
1705094970,1034773114157245054
1705100355,1034804029284397906
1705105765,1034810168231267218
1705111115,1034810168231267218
1705116405,1034839610033572010
1705121775,1034839610033572010
1705127110,1034839610033572010
1705132495,1034839610033572010
1705137900,1034887195134344102
1705143210,1034887195134344102
1705148580,1034913238773330273
1705153945,1034915924512347945
1705159330,1034927291732771660
1705164705,1034927291732771660
1705170135,1034927291732771660
1705175655,1034968993148431853
1705181100,1034968993148431853
1705186530,1034968993148431853
1705191950,1034968993148431853
1705197395,1034968993148431853
1705202795,1034968993148431853
1705208235,1034968993148431853
1705213630,1035013960549622581
1705219125,1035013960549622581
1705224575,1035013960549622581
1705230045,1035050360238564601
1705235425,1035050360238564601
1705240755,1035050360238564601
1705246130,1035050360238564601
1705251485,1035099446012458439
1705256935,1035103377594452663
1705262285,1035118224049432537
1705267645,1035126187513792583
1705272965,1035144787582025130
1705278355,1035154823031412562
1705283745,1035154823031412562
1705289090,1035154823031412562
1705294390,1035189229614456940
1705299745,1035199755880233507
1705305120,1035199755880233507
1705310500,1035199755880233507
1705315900,1035236696505280129
1705321250,1035244203574124026
1705326625,1035262903265561248
1705331975,1035275036852859147
1705337300,1035275036852859147
1705342660,1035275036852859147
1705348090,1035309695161105562
1705353455,1035322795050193569
1705358770,1035336874609072221
1705364310,1035349825705374347
1705369565,1035363259614375496
1705374895,1035373705568262381
1705380190,1035373705568262381
1705385530,1035373705568262381
1705390855,1035373705568262381
1705396290,1035423007731907358
1705401730,1035432548850281192
1705407275,1035448092274772447
1705412770,1035458976471489638
1705418260,1035467946371883312
1705423785,1035478122457852901
1705429160,1035478122457852901
1705434455,1035500344770665670
1705439735,1035500344770665670
1705445075,1035527922622512497
1705450340,1035527922622512497
1705455660,1035554193243564997
1705460950,1035567141984703033
1705466215,1035575058938483251
1705471510,1035594031883963952
1705476795,1035596156712261246
1705482085,1035608875542392482
1705487415,1035622552758598118
1705492705,1035631185816833029
1705498220,1035645308752036606
1705503490,1035662236943034961
1705508755,1035662236943034961
1705514010,1035662236943034961
1705519270,1035695158317739357
1705524500,1035695158317739357
1705529815,1035695158317739357
1705535090,1035735830124288897
1705540275,1035741166514731072
1705545495,1035762579775280937
1705550705,1035762579775280937
1705555960,1035762579775280937
1705561145,1035762579775280937
1705566370,1035762579775280937
1705571610,1035762579775280937
1705576785,1035762579775280937
1705581990,1035762579775280937
1705587270,1035762579775280937
1705592535,1035874915735981953
1705597735,1035882861426090742
1705602925,1035882861426090742
1705608195,1035882861426090742
1705613470,1035932681999062616
1705618615,1035935763614895904
1705623835,1035958580754061678
1705629070,1035963797290023127
1705634290,1035963797290023127
1705639510,1035963797290023127
1705644785,1036012808689537109
1705650065,1036017298773461370
1705655280,1036038762968151975
1705660445,1036052714218565703
1705665675,1036066105575805668
1705670915,1036076351264914311
1705676200,1036089208990854012
1705681460,1036089208990854012
1705686720,1036111526801758952
1705691970,1036111526801758952
1705697230,1036111526801758952
1705702510,1036157366583032432
1705707685,1036167445340958194
1705712940,1036183311212530965
1705718210,1036183311212530965
1705723415,1036183311212530965
1705728690,1036183311212530965
1705733965,1036238826544868138
1705739135,1036238826544868138
1705744350,1036254754087740608
1705749550,1036261158937545087
1705754810,1036277518535526246
1705759990,1036288007785952686
1705765170,1036295521618515888
1705770405,1036312556316964951
1705775645,1036318284998323834
1705780895,1036318284998323834
1705786190,1036318284998323834
1705791480,1036345830854180675
1705796760,1036359694847831465
1705801960,1036359694847831465
1705807150,1036379980512854522
1705812485,1036390441281556711
1705817765,1036390441281556711
1705822990,1036390441281556711
1705828280,1036390441281556711
1705833505,1036390441281556711
1705838790,1036443827082622739
1705844055,1036455562853225037
1705849275,1036470573286534161
1705854590,1036470573286534161
1705859840,1036470573286534161
1705865030,1036470573286534161
1705870335,1036470573286534161
1705875665,1036470573286534161
1705880985,1036470573286534161
1705886345,1036470573286534161
1705891580,1036551039791344299
1705896810,1036563942948157149
1705902130,1036577603264627138
1705907430,1036577603264627138
1705912785,1036577603264627138
1705918115,1036577603264627138
1705923485,1036617887379610294
1705928845,1036629157546465893
1705934210,1036629157546465893
1705939545,1036629157546465893
1705944885,1036629157546465893
1705950245,1036629157546465893
1705955545,1036684423640038439
1705960920,1036684423640038439
1705966235,1036684423640038439
1705971540,1036684423640038439
1705976840,1036684423640038439
1705982150,1036684423640038439
1705987365,1036684423640038439
1705992655,1036752136809215759
1705997850,1036752136809215759
1706003155,1036773725666305776
1706008455,1036777449613803351
1706013675,1036798183466185616
1706018985,1036798183466185616
1706024275,1036823238258859147
1706029590,1036823238258859147
1706034870,1036842510754510149
1706040205,1036853197847117599
1706045550,1036853197847117599
1706050835,1036886692102547000
1706056030,1036899384062424144
1706061265,1036912819545289616
1706066560,1036927398659873612
1706071770,1036943397495005312
1706077055,1036943397495005312
1706082280,1036943397495005312
1706087500,1036943397495005312
1706092740,1036991969276769220
1706098065,1036998599422743677
1706103360,1037015581605788800
1706108655,1037035516897385553
1706113965,1037049524722169572
1706119275,1037049524722169572
1706124485,1037075388498541198
1706129725,1037076374854105057
1706134970,1037101108317169566
1706140230,1037113182876072686
1706145505,1037118620200995480
1706150815,1037118620200995480
1706156040,1037149219208757039
1706161325,1037149219208757039
1706166600,1037168493154733695
1706171935,1037168493154733695
1706177170,1037168493154733695
1706182475,1037168493154733695
1706187825,1037168493154733695
1706193065,1037168493154733695
1706198330,1037254325436704445
1706203625,1037254325436704445
1706208955,1037281522273093563
1706214260,1037281522273093563
1706219580,1037281522273093563
1706224890,1037323950707960274
1706230100,1037323950707960274
1706235425,1037323950707960274
1706240670,1037361777341973827
1706245945,1037379326114156610
1706251200,1037379326114156610
1706256415,1037379326114156610
1706261660,1037408695185873391
1706266865,1037408695185873391
1706272215,1037433280753189559
1706277375,1037433280753189559
1706282560,1037433280753189559
1706287855,1037478048537992679
1706293130,1037478048537992679
1706298390,1037495355244111925
1706303685,1037495355244111925
1706308990,1037495355244111925
1706314290,1037538730988470636
1706319580,1037543896523131108
1706324870,1037554591796386904
1706330115,1037568539055613217
1706335350,1037568539055613217
1706340590,1037568539055613217
1706345855,1037608647179146119
1706351140,1037608647179146119
1706356360,1037608647179146119
1706361575,1037608647179146119
1706366850,1037608647179146119
1706372140,1037671241359975414
1706377515,1037685316829066186
1706382790,1037696635523396013
1706388095,1037704318502309550
1706393375,1037715072326017020
1706398655,1037715072326017020
1706403935,1037744225259701231
1706409250,1037744225259701231
1706414515,1037773296163391733
1706419785,1037782062814701776
1706425070,1037797816466409764
1706430350,1037804735199018751
1706435665,1037804735199018751
1706441020,1037804735199018751
1706446430,1037804735199018751
1706451685,1037850624969215553
1706456885,1037866881616808931
1706462140,1037866881616808931
1706467485,1037866881616808931
1706472760,1037866881616808931
1706477985,1037909700581157668
1706483270,1037909700581157668
1706488560,1037940513158053667
1706493790,1037940513158053667
1706499005,1037940513158053667
1706504235,1037978541260799320
1706509475,1037978541260799320
1706514740,1037978541260799320
1706519960,1037978541260799320
1706525210,1037978541260799320
1706530465,1037978541260799320
1706535735,1037978541260799320
1706541010,1038012062465707519
1706546240,1038014832895439658
1706551490,1038014832895439658
1706556710,1038046682211864941
1706561950,1038046682211864941
1706567245,1038046682211864941
1706572525,1038074277407722177
1706577820,1038093515956916673
1706583030,1038106232467971417
1706588245,1038114665603377101
1706593450,1038114665603377101
1706598630,1038134357424532659
1706603790,1038134357424532659
1706608980,1038163768641336825
1706614185,1038163768641336825
1706619490,1038163768641336825
1706624850,1038163768641336825
1706630060,1038163768641336825
1706635300,1038221492582346659
1706640580,1038234165355867456
1706645935,1038234165355867456
1706651210,1038258058257006306
1706656440,1038269705363499184
1706661655,1038269705363499184
1706666955,1038269705363499184
1706672230,1038269705363499184
1706677555,1038269705363499184
1706682845,1038269705363499184
1706688100,1038333987152408319
1706693405,1038333987152408319
1706698670,1038358327943633147
1706703990,1038366179230419890
1706709345,1038385443784789765
1706714565,1038385443784789765
1706719740,1038405118370219131
1706724975,1038417026484970554
1706730195,1038417026484970554
1706735440,1038417026484970554
1706740730,1038454716494134978
1706746015,1038454716494134978
1706751245,1038478946276508398
1706756420,1038485585787012206
1706761645,1038502897559442564
1706766930,1038510207390998625
1706772160,1038519746019657252
1706777495,1038519746019657252
1706782855,1038519746019657252
1706788090,1038519746019657252
1706793420,1038575050006334724
1706798655,1038577590137220664
1706803895,1038593271521044469
1706809240,1038593271521044469
1706814460,1038609941894862952
1706819755,1038609941894862952
1706824955,1038633728131136279
1706830235,1038633728131136279
1706835635,1038662979616042730
1706840900,1038662979616042730
1706846225,1038662979616042730
1706851505,1038699750175925071
1706856805,1038704163923949760
1706862190,1038721484282693148
1706867715,1038732577526439227
1706873140,1038742068159258288
1706878440,1038756788143985812
1706883715,1038767590651018904
1706889045,1038778161362901193
1706894315,1038778161362901193
1706899620,1038806146263060835
1706904885,1038809984223679131
1706910105,1038809984223679131
1706915395,1038835534142724840
1706920775,1038835534142724840
1706926070,1038862409838846692
1706931370,1038866981390377242
1706936670,1038866981390377242
1706941930,1038866981390377242
1706947185,1038866981390377242
1706952460,1038866981390377242
1706957755,1038866981390377242
1706963055,1038939970356032371
1706968325,1038939970356032371
1706973580,1038959319325914370
1706978925,1038974545666841254
1706984315,1038974545666841254
1706989655,1038974545666841254
1706994985,1038974545666841254
1707000365,1038974545666841254
1707005655,1038974545666841254
1707010985,1038974545666841254
1707016260,1039058240052852523
1707021610,1039066515998246511
1707026925,1039066515998246511
1707032145,1039066515998246511
1707037370,1039066515998246511
1707042715,1039119931469486287
1707048040,1039128613418564867
1707053320,1039128613418564867
1707058615,1039155949351817486
1707063920,1039161269970337298
1707069185,1039173391356632324
1707074455,1039173391356632324
1707079745,1039173391356632324
1707085015,1039173391356632324
1707090320,1039173391356632324
1707095650,1039173391356632324
1707100990,1039173391356632324
1707106270,1039173391356632324
1707111575,1039173391356632324
1707116860,1039173391356632324
1707122205,1039173391356632324
1707127620,1039313710761520422
1707132920,1039313710761520422
1707138355,1039313710761520422
1707143675,1039355600411940142
1707149050,1039365991953546573
1707154365,1039365991953546573
1707159740,1039393490795196273
1707165075,1039393490795196273
1707170415,1039424740051908361
1707175695,1039424740051908361
1707181040,1039424740051908361
1707186395,1039424740051908361
1707191715,1039424740051908361
1707197045,1039424740051908361
1707202375,1039424740051908361
1707207620,1039513505033680820
1707212985,1039513505033680820
1707218345,1039513505033680820
1707223635,1039558936910540398
1707228840,1039572521857909758
1707234120,1039572521857909758
1707239420,1039591336218864845
1707244730,1039591336218864845
1707250125,1039624954785009846
1707255460,1039628242706969282
1707260855,1039645329586216146
1707266235,1039663888071270691
1707271730,1039663888071270691
1707277075,1039692565699727346
1707282485,1039692565699727346
1707287840,1039692565699727346
1707293345,1039692565699727346
1707298760,1039692565699727346
1707304235,1039692565699727346
1707309640,1039772426164492786
1707315090,1039772426164492786
1707320585,1039794622030302733
1707326020,1039794622030302733
1707331455,1039807994302985372
1707336865,1039817374333821330
1707342280,1039830203443234993
1707347635,1039833521880502247
1707352895,1039853075311097632
1707358120,1039866682129454480
1707363360,1039866682129454480
1707368585,1039866682129454480
1707373915,1039866682129454480
1707379175,1039866682129454480
1707384425,1039866682129454480
1707389700,1039866682129454480
1707394950,1039866682129454480
1707400180,1039866682129454480
1707405445,1039972692134631459
1707410690,1039977232346648757
1707415955,1039977232346648757
1707421190,1039977232346648757
1707426525,1040015646306703133
1707431750,1040028612023454172
1707437075,1040028612023454172
1707442325,1040047227674797594
1707447570,1040047227674797594
1707452755,1040075925450455449
1707457925,1040075925450455449
1707463120,1040075925450455449
1707468305,1040075925450455449
1707473505,1040126051930165730
1707478730,1040138395903345519
1707483995,1040145219008966305
1707489245,1040145219008966305
1707494575,1040145219008966305
1707499825,1040179118670922173
1707505080,1040194672381351923
1707510260,1040204004578026232
1707515535,1040204004578026232
1707520815,1040204004578026232
1707526070,1040239289741210715
1707531355,1040247461386948929
1707536605,1040247461386948929
1707541830,1040247461386948929
1707547030,1040247461386948929
1707552280,1040247461386948929
1707557585,1040247461386948929
1707562855,1040323109643932738
1707568100,1040333847213871672
1707573380,1040333847213871672
1707578605,1040333847213871672
1707583905,1040333847213871672
1707589140,1040333847213871672
1707594415,1040391450329128688
1707599710,1040391450329128688
1707604915,1040391450329128688
1707610190,1040391450329128688
1707615470,1040434942058257065
1707620730,1040434942058257065
1707626005,1040434942058257065
1707631150,1040477910015133524
1707636405,1040488558016987398
1707641640,1040498427871591380
1707646950,1040498427871591380
1707652235,1040525310392052970
1707657445,1040525310392052970
1707662770,1040525310392052970
1707668000,1040555318273977758
1707673315,1040573900969704172
1707678535,1040573900969704172
1707683815,1040573900969704172
1707689055,1040573900969704172
1707694265,1040616351759744043
1707699580,1040631798563846810
1707704775,1040631798563846810
1707709965,1040658014182566302
1707715200,1040658014182566302
1707720465,1040658014182566302
1707725755,1040686020256305270
1707731015,1040686020256305270
1707736310,1040686020256305270
1707741520,1040729053419192619
1707746715,1040738647507423583
1707752000,1040757833807711989
1707757250,1040762886455504099
1707762490,1040782648728584619
1707767765,1040793304286701242
1707772970,1040805300275178842
1707778265,1040818228303974821
1707783605,1040831526212085191
1707788810,1040836938858672274
1707794075,1040836938858672274
1707799360,1040836938858672274
1707804730,1040836938858672274
1707809985,1040888610785720609
1707815275,1040895637303028632
1707820535,1040914161600854146
1707825810,1040930140032801832
1707831125,1040936654232600812
1707836345,1040945752585351980
1707841610,1040958755772401917
1707846895,1040958755772401917
1707852155,1040980315247331249
1707857490,1040987752736948862
1707862705,1040998306956154910
1707868030,1041010761674061296
1707873335,1041020304580039896
1707878625,1041020304580039896
1707883935,1041020304580039896
1707889170,1041020304580039896
1707894330,1041020304580039896
1707899530,1041020304580039896
1707904780,1041090605906444825
1707910065,1041096248772292347
1707915280,1041102747532117463
1707920540,1041102747532117463
1707925780,1041102747532117463
1707931045,1041102747532117463
1707936300,1041102747532117463
1707941600,1041102747532117463
1707946885,1041102747532117463
1707952125,1041186109325637247
1707957460,1041205186626868369
1707962755,1041205186626868369
1707967980,1041205186626868369
1707973295,1041205186626868369
1707978605,1041205186626868369
1707983900,1041259405371548076
1707989255,1041259405371548076
1707994480,1041283795639796244
1707999810,1041283795639796244
1708005205,1041283795639796244
1708010465,1041319426751207238
1708015755,1041332799949018765
1708021115,1041332799949018765
1708026485,1041332799949018765
1708031835,1041367690115808262
1708037250,1041376760328464763
1708042575,1041390742140680336
1708047975,1041398098643135640
1708053345,1041398098643135640
1708058645,1041424704072438478
1708063965,1041424704072438478
1708069325,1041424704072438478
1708074690,1041452800909111523
1708079965,1041471886433013882
1708085215,1041478416749693790
1708090530,1041488791793506886
1708095760,1041505135823930702
1708101095,1041505135823930702
1708106365,1041505135823930702
1708111635,1041505135823930702
1708116995,1041505135823930702
1708122285,1041553233118359373
1708127610,1041571257379618117
1708132880,1041571786169846205
1708138205,1041590801431935194
1708143480,1041598570322234404
1708148745,1041612877563460724
1708153995,1041612877563460724
1708159255,1041635335233077345
1708164585,1041635335233077345
1708169870,1041658006577749100
1708175145,1041658006577749100
1708180475,1041681443566949605
1708185725,1041689085235018739
1708191040,1041703321240919047
1708196360,1041717735326673355
1708201750,1041726962090539443
1708207055,1041726962090539443
1708212645,1041755157079242864
1708217930,1041755157079242864
1708223185,1041778347388416064
1708228480,1041792867231720221
1708233685,1041805919834345103
1708238985,1041805919834345103
1708244320,1041828955310321295
1708249650,1041828955310321295
1708254995,1041842670531790232
1708260350,1041842670531790232
1708265660,1041842670531790232
1708270965,1041842670531790232
1708276275,1041842670531790232
1708281500,1041906514876728517
1708286820,1041906514876728517
1708292140,1041931589158063655
1708297495,1041931589158063655
1708302855,1041959040187526610
1708308165,1041966740275620084
1708313520,1041975505466135832
1708318855,1041987218443757203
1708324215,1042005119286140229
1708329470,1042016434945632063
1708334690,1042016434945632063
1708340085,1042037859036570491
1708345465,1042037859036570491
1708350805,1042057195066081663
1708356165,1042075262014333696
1708361545,1042087770940701699
1708366845,1042099035125390001
1708372120,1042099035125390001
1708377475,1042123984043143450
1708382790,1042132247732328749
1708388155,1042132247732328749
1708393435,1042158789503638862
1708398780,1042158789503638862
1708404105,1042180162974864321
1708409475,1042180162974864321
1708414770,1042209509085624028
1708420080,1042209509085624028
1708425440,1042242369070327866
1708430785,1042248165771112923
1708436120,1042269812189960960
1708441425,1042283011967136414
1708446735,1042288936519939352
1708452100,1042307824122655925
1708457420,1042323801111476110
1708462745,1042330173052039668
1708468030,1042343788805814691
1708473360,1042361551981299927
1708478680,1042372317851780678
1708483975,1042385577637064607
1708489280,1042385577637064607
1708494665,1042385577637064607
1708499975,1042385577637064607
1708505275,1042385577637064607
1708510540,1042385577637064607
1708515840,1042385577637064607
1708521155,1042480478151550834
1708526425,1042496315152292825
1708531765,1042508171653375798
1708537090,1042520362648372077
1708542340,1042520362648372077
1708547590,1042551825722675287
1708552835,1042566465827974063
1708558125,1042578769839765903
1708563350,1042592078950801059
1708568665,1042592078950801059
1708573940,1042619324138457701
1708579140,1042629714912173059
1708584375,1042636227650395920
1708589730,1042661014207028839
1708595015,1042665419874217550
1708600310,1042687429788535316
1708605660,1042695762263933955
1708610935,1042713089889488575
1708616225,1042721828072568128
1708621480,1042735526310465109
1708626720,1042735526310465109
1708631945,1042755418848707450
1708637190,1042776353517573639
1708642455,1042785331968737810
1708647725,1042798713824190980
1708652945,1042798713824190980
1708658125,1042818900193544124
1708663260,1042818900193544124
1708668460,1042818900193544124
1708673655,1042818900193544124
1708678810,1042818900193544124
1708684055,1042869385974381878
1708689265,1042883260959970201
1708694510,1042888223054891890
1708699805,1042888223054891890
1708705055,1042917281452479686
1708710210,1042920565568236103
1708715430,1042920565568236103
1708720735,1042950758943606558
1708726050,1042950758943606558
1708731320,1042970936584634198
1708736545,1042970936584634198
1708741805,1042970936584634198
1708747045,1042970936584634198
1708752325,1043014245091807979
1708757585,1043025857924242172
1708762825,1043025857924242172
1708768075,1043049083961414179
1708773315,1043049083961414179
1708778545,1043049083961414179
1708783815,1043049083961414179
1708789085,1043049083961414179
1708794380,1043098878044260429
1708799640,1043113772534792736
1708804930,1043116735273704553
1708810220,1043137736095116636
1708815515,1043137736095116636
1708820850,1043137736095116636
1708826175,1043137736095116636
1708831440,1043180633077640253
1708836725,1043180633077640253
1708841945,1043180633077640253
1708847190,1043180633077640253
1708852445,1043217066802459435
1708857685,1043217066802459435
1708862910,1043245086906437788
1708868175,1043245086906437788
1708873410,1043270575212332210
1708878655,1043278995094405986
1708883900,1043278995094405986
1708889170,1043302672657505449
1708894450,1043312699626340308
1708899665,1043323912176273750
1708904940,1043323912176273750
1708910210,1043326874182084810
1708915400,1043326874182084810
1708920585,1043356705492590509
1708925845,1043356705492590509
1708931070,1043356705492590509
1708936305,1043356705492590509
1708941550,1043416235186182626
1708946805,1043416235186182626
1708952100,1043416235186182626
1708957380,1043416235186182626
1708962590,1043469884954432921
1708967835,1043484657941509299
1708973150,1043500117155265090
1708978405,1043514505841358431
1708983655,1043521470394544105
1708988930,1043536874533544158
1708994150,1043546350587361792
1708999330,1043569607350651603
1709004525,1043572342563245023
1709009665,1043572342563245023
1709014885,1043602105211335254
1709020010,1043602105211335254
1709025195,1043602105211335254
1709030370,1043651526338454790
1709035560,1043655285170769947
1709040810,1043679786705942950
1709046075,1043679786705942950
1709051340,1043705900011290293
1709056575,1043710430528274930
1709061795,1043730099430271724
1709067095,1043730099430271724
1709072315,1043759405577590014
1709077530,1043759405577590014
1709082720,1043759405577590014
1709087905,1043759405577590014
1709093170,1043759405577590014
1709098415,1043829128559346230
1709103625,1043829128559346230
1709108740,1043856717593988362
1709113925,1043871337179585043
1709119170,1043877006349328832
1709124405,1043899792013986144
1709129545,1043909517182597052
1709134840,1043922062906522757
1709140090,1043942223121907596
1709145305,1043955314314798883
1709150565,1043967616540116791
1709155795,1043983110076273032
1709161025,1043986942655980335
1709166235,1044010485358556808
1709171425,1044019765093539048
1709176635,1044027933161508620
1709181855,1044046088283616460
1709187055,1044056822368209763
1709192250,1044062753076533052
1709197415,1044077130790737432
1709202585,1044091479882247752
1709207720,1044102626348266427
1709212890,1044116957633929408
1709218070,1044128499543954754
1709223185,1044132891872455546
1709228375,1044145104382787064
1709233540,1044161564479840873
1709238710,1044172962600702894
1709243910,1044185745651239425
1709249060,1044194089331574477
1709254320,1044208824632930498
1709259510,1044223206771943888
1709264670,1044223206771943888
1709269830,1044223206771943888
1709274985,1044256897513027352
1709280155,1044261536189310611
1709285335,1044277148809535581
1709290495,1044286851246879182
1709295710,1044305998397298444
1709300825,1044309923605092079
1709306040,1044327896086629331
1709311250,1044333504932102991
1709316465,1044333504932102991
1709321695,1044358250878240707
1709326885,1044377016281032201
1709332070,1044383128889327754
1709337215,1044383128889327754
1709342455,1044407388524045951
1709347645,1044424162193655803
1709352835,1044431651913145614
1709358010,1044431651913145614
1709363175,1044431651913145614
1709368380,1044468043277012691
1709373575,1044468043277012691
1709378785,1044468043277012691
1709383975,1044507960675993982
1709389230,1044507960675993982
1709394435,1044530231005912445
1709399630,1044534938990334198
1709404810,1044534938990334198
1709409990,1044561716855357355
1709415265,1044561716855357355
1709420470,1044561716855357355
1709425655,1044596966426164995
1709430850,1044613572190473881
1709436015,1044613572190473881
1709441185,1044613572190473881
1709446375,1044658970199019032
1709451600,1044672200027441268
1709456745,1044680759546887127
1709461965,1044680759546887127
1709467175,1044680759546887127
1709472385,1044726040299208456
1709477550,1044726040299208456
1709482735,1044726040299208456
1709487990,1044770890535677673
1709493180,1044770890535677673
1709498390,1044770890535677673
1709503605,1044803829957426646
1709508810,1044819097271598660
1709514040,1044838469817708120
1709519200,1044838469817708120
1709524420,1044863800353349584
1709529610,1044863800353349584
1709534775,1044863800353349584
1709539895,1044863800353349584
1709545090,1044924865884728474
1709550330,1044924865884728474
1709555500,1044924865884728474
1709560745,1044924865884728474
1709565895,1044981315021632120
1709571105,1044989174450258855
1709576260,1045004065019931442
1709581450,1045021743017984863
1709586635,1045026549808058933
1709591815,1045041222418834860
1709597040,1045056962030780800
1709602155,1045056962030780800
1709607320,1045091816755493446
1709612505,1045105892622763061
1709617640,1045121050373550403
1709622735,1045121050373550403
1709627960,1045136476038019740
1709633165,1045136476038019740
1709638325,1045136476038019740
1709643500,1045188403106894996
1709648655,1045203357566701275
1709653795,1045216096942877458
1709658940,1045231893524496723
1709664150,1045231893524496723
1709669300,1045260014731207094
1709674490,1045273850996427615
1709679750,1045286264220651717
1709684990,1045296486776814452
1709690160,1045305923408277439
1709695395,1045317893237882845
1709700555,1045317893237882845
1709705755,1045342110115697624
1709710915,1045350775964072093
1709716055,1045362576499931797
1709721265,1045376605809250672
1709726490,1045388474269358799
1709731730,1045398670811981163
1709736955,1045415139090250058
1709742150,1045428338264676921
1709747410,1045436143664941156
1709752610,1045442962205911384
1709757880,1045460114122550875
1709763045,1045474521871034760
1709768225,1045474521871034760
1709773460,1045488948376043754
1709778625,1045509435783306745
1709783795,1045514397179970044
1709788895,1045525588710216983
1709794045,1045542254195799590
1709799230,1045542254195799590
1709804375,1045561742190276559
1709809550,1045561742190276559
1709814730,1045590473249486131
1709819920,1045590473249486131
1709825100,1045613375483967096
1709830270,1045621609638461709
1709835505,1045636896214363811
1709840665,1045652067518093068
1709845910,1045663165517241191
1709851095,1045672778452022448
1709856315,1045672778452022448
1709861565,1045700834727787011
1709866825,1045708457534200256
1709872040,1045708457534200256
1709877255,1045708457534200256
1709882465,1045750097494518037
1709887640,1045761792510870066
1709892800,1045761792510870066
1709898055,1045761792510870066
1709903335,1045798686071842022
1709908575,1045810375884607195
1709913850,1045822773457828858
1709919195,1045826342276811175
1709924475,1045838149631034117
1709929675,1045859607344374704
1709934895,1045862638941900742
1709940120,1045876537433265372
1709945380,1045895345557389951
1709950595,1045895345557389951
1709955750,1045895345557389951
1709960930,1045903057381709985
1709966125,1045903057381709985
1709971425,1045934177536005895
1709976700,1045941135713675236
1709981930,1045951393015889129
1709987075,1045975125595352230
1709992265,1045975125595352230
1709997485,1046004701989354979
1710002655,1046019803638310069
1710007875,1046019803638310069
1710013060,1046044993941569517
1710018255,1046050283002786232
1710023370,1046075341009481394
1710028550,1046075341009481394
1710033770,1046075341009481394
1710038975,1046075341009481394
1710044150,1046121128251007570
1710049300,1046121128251007570
1710054435,1046121128251007570
1710059625,1046164350911908513
1710064785,1046164350911908513
1710069940,1046203454028106439
1710075130,1046203454028106439
1710080300,1046231757028006478
1710085485,1046235861004416097
1710090725,1046248529398357011
1710095960,1046268863906698821
1710101160,1046278805168457989
1710106330,1046293621765487856
1710111460,1046310852441625004
1710116600,1046310852441625004
1710121800,1046334095417652412
1710126950,1046349195402975262
1710132125,1046349195402975262
1710137295,1046349195402975262
1710142510,1046398690383400274
1710147700,1046408460788691840
1710152890,1046417395927158158
1710158080,1046439386636470884
1710163280,1046439386636470884
1710168500,1046463825526628364
1710173730,1046476032465073811
1710178970,1046489195365149514
1710184245,1046507725858992400
1710189560,1046520090174563147
1710194840,1046529374459746703
1710200110,1046529374459746703
1710205385,1046557226109133841
1710210705,1046570027957348790
1710216020,1046570027957348790
1710221325,1046602004128692281
1710226600,1046624049558909815
1710231785,1046657013743966998
1710237090,1046678461050745741
1710242355,1046678461050745741
1710247640,1046678461050745741
1710252865,1046752242043545715
1710258105,1046783533186765224
1710263315,1046807767040950279
1710268520,1046832125963642892
1710273785,1046857356478005966
1710278940,1046892180619847711
1710284155,1046916563495999190
1710289360,1046938293814864882
1710294580,1046969024410176352
1710299705,1047000164731453798
1710304890,1047019033765218541
1710310045,1047039905250238934
1710315205,1047080641552383364
1710320440,1047094853202326799
1710325575,1047124467481135566
1710330820,1047169122274955803
1710336035,1047188382830469451
1710341265,1047222625660427627
1710346600,1047241477818516150
1710351795,1047271519682422413
1710357040,1047301257066229805
1710362345,1047325814046232444
1710367660,1047351362077475652
1710372860,1047358406328205717
1710378030,1047358406328205717
1710383295,1047427778638894998
1710388475,1047427778638894998
1710393815,1047477612174110982
1710399050,1047477612174110982
1710404365,1047477612174110982
1710409630,1047562134217375629
1710414845,1047589428257206883
1710420165,1047615276367200979
1710425415,1047641601237619904
1710430600,1047663466657424937
1710435820,1047691000041032565
1710441070,1047712162065318705
1710446350,1047736580581310954
1710451555,1047736580581310954
1710456765,1047789955946524001
1710461965,1047789955946524001
1710467190,1047835186218673084
1710472375,1047847871876298056
1710477600,1047889514931304845
1710482795,1047889514931304845
1710487960,1047901879996561105
1710493100,1047959841357533354
1710498305,1047959841357533354
1710503455,1048020629132225198
1710508605,1048052846297312500
1710513800,1048066087421792017
1710519000,1048115993980992415
1710524200,1048115993980992415
1710529385,1048185638738185962
1710534635,1048217769114494618
1710539830,1048247454031966749
1710545045,1048253063973793252
1710550255,1048306452642460950
1710555430,1048326493043842646
1710560605,1048371374690919043
1710565750,1048407777724651958
1710570935,1048407777724651958
1710576085,1048457412490056820
1710581235,1048497722603731200
1710586425,1048532372137525445
1710591650,1048568774110152398
1710596810,1048593201703764810
1710601945,1048593201703764810
1710607105,1048644582785926480
1710612290,1048685997752668369
1710617485,1048727826492505675
1710622760,1048727826492505675
1710627970,1048727826492505675
1710633255,1048727826492505675
1710638495,1048835890658589440
1710643740,1048835890658589440
1710648990,1048906056133281336
1710654205,1048906056133281336
1710659370,1048906056133281336
1710664625,1049018919465433279
1710669885,1049018919465433279
1710675085,1049084854651150660
1710680325,1049100501297764646
1710685525,1049136428194826441
1710690780,1049156549537012669
1710695985,1049202180465370189
1710701205,1049240350374477265
1710706465,1049279543669207050
1710711645,1049300741427630147
1710716845,1049300741427630147
1710722090,1049374046498192812
1710727360,1049374046498192812
1710732560,1049441086051214073
1710737770,1049441086051214073
1710742940,1049485190493861002
1710748185,1049485190493861002
1710753335,1049485190493861002
1710758600,1049537833329366130
1710763830,1049549793515460870
1710769090,1049549793515460870
1710774375,1049647209809288058
1710779620,1049691829488761206
1710784830,1049704977953658010
1710790040,1049735410955545915
1710795230,1049781776593808573
1710800475,1049812784692300026
1710805655,1049867419036155847
1710810830,1049882322703959129
1710816155,1049882322703959129
1710821325,1049977767172415872
1710826550,1049998291902336175
1710831815,1049998291902336175
1710837010,1050072553662274828
1710842290,1050133631512416326
1710847540,1050171057572051668
1710852845,1050206428760855546
1710858090,1050228768034722449
1710863365,1050280892210432294
1710868600,1050311301442603309
1710873865,1050341706553439225
1710879080,1050370084881519430
1710884325,1050416974676325762
1710889510,1050466399089949306
1710894775,1050488377003791755
1710900045,1050488377003791755
1710905300,1050560481615698718
1710910520,1050560481615698718
1710915735,1050560481615698718
1710920980,1050680325646992144
1710926210,1050717352969142804
1710931480,1050730886532057679
1710936730,1050730886532057679
1710942015,1050730886532057679
1710947285,1050869859136381099
1710952635,1050898305499164768
1710957880,1050944847502809349
1710963225,1050978531455545789
1710968510,1051014962698043148
1710973780,1051052111288578193
1710979080,1051074880648997844
1710984280,1051117481188317333
1710989525,1051131517135582800
1710994720,1051192612715184332
1710999920,1051192612715184332
1711005170,1051192612715184332
1711010380,1051192612715184332
1711015670,1051321495011742951
1711020825,1051354056873115439
1711026055,1051394052534199168
1711031215,1051394052534199168
1711036445,1051453927056269410
1711041735,1051497363559579271
1711046940,1051537290371848776
1711052135,1051559654782348153
1711057350,1051594507477310819
1711062620,1051629604046620591
1711067855,1051672629681199742
1711073085,1051696755809655736
1711078325,1051723197151896873
1711083520,1051723197151896873
1711088795,1051805701084931408
1711094020,1051805701084931408
1711099270,1051856135178600100
1711104445,1051906589775709373
1711109705,1051943765569096692
1711114895,1051985209376944839
1711120140,1052022133424747111
1711125355,1052054472652796808
1711130615,1052082121903882526
1711135895,1052119269617303556
1711141150,1052145561966097195
1711146495,1052180275316273600
1711151760,1052230836123031087
1711157005,1052266125123500318
1711162185,1052266125123500318
1711167375,1052316460473439331
1711172560,1052316460473439331
1711177745,1052316460473439331
1711182995,1052431187536789791
1711188230,1052460654287516647
1711193515,1052500473674340193
1711198810,1052540680468428971
1711204060,1052540680468428971
1711209325,1052540680468428971
1711214555,1052632757948637977
1711219765,1052672926940483875
1711224995,1052703702790367888
1711230295,1052748893001499851
1711235520,1052748893001499851
1711240800,1052748893001499851
1711246110,1052748893001499851
1711251455,1052748893001499851
1711256725,1052892210671325468
1711261975,1052892210671325468
1711267180,1052983994103280561
1711272320,1053021990008943439
1711277540,1053037983441597803
1711282770,1053055931567240491
1711288030,1053068532693987389
1711293255,1053090059710905470
1711298445,1053122670127876254
1711303635,1053122670127876254
1711308845,1053122670127876254
1711314090,1053170279066278899
1711319310,1053203239306928184
1711324600,1053219148909506261
1711329820,1053219148909506261
1711335075,1053254436613776576
1711340300,1053270643049150037
1711345515,1053303088407825733
1711350760,1053318943963790101
1711355975,1053346481561535525
1711361190,1053370332791275842
1711366405,1053381268638554110
1711371680,1053403867208467790
1711376870,1053434312692542323
1711382090,1053456052267323239
1711387360,1053475944614786877
1711392610,1053482305389144988
1711397840,1053499161613561272
1711403060,1053526700481312729
1711408265,1053552141012161620
1711413510,1053580490663837391
1711418710,1053580490663837391
1711423865,1053580490663837391
1711429045,1053636479854845559
1711434275,1053636479854845559
1711439475,1053636479854845559
1711444690,1053704224708183338
1711449850,1053708339942985955
1711455110,1053733357100621821
1711460315,1053769352051491265
1711465540,1053791504093373353
1711470755,1053811489996868150
1711476015,1053826905875864961
1711481285,1053826905875864961
1711486545,1053864307440874208
1711491810,1053864307440874208
1711497060,1053910476687652978
1711502255,1053910476687652978
1711507470,1053910476687652978
1711512705,1053967193974238201
1711517910,1053990836866925936
1711523180,1053990836866925936
1711528395,1053990836866925936
1711533590,1054044386233675737
1711538810,1054076869059957735
1711544090,1054144189790255769
1711549330,1054200276611266941
1711554565,1054255971982369130
1711559825,1054288871818853879
1711565060,1054337278767617641
1711570255,1054414444369964481
1711575475,1054472256847728906
1711580665,1054503413017940812
1711585980,1054580240944680033
1711591345,1054591954068935842
1711596680,1054591954068935842
1711602030,1054728060452056595
1711607355,1054728060452056595
1711612570,1054829947935227262
1711617785,1054849813571021264
1711623035,1054914977706815045
1711628250,1054932197809986857
1711633435,1055007803763626599
1711638635,1055036031290531835
1711643885,1055100489028545653
1711649125,1055147151202058245
1711654355,1055187903613540712
1711659580,1055235455736734899
1711664810,1055273048921379292
1711669980,1055314596093268872
1711675155,1055314596093268872
1711680330,1055411421637203632
1711685685,1055451204677410254
1711690935,1055502451732332936
1711696165,1055502451732332936
1711701445,1055586867588569260
1711706715,1055586867588569260
1711711910,1055691117754909259
1711717120,1055691117754909259
1711722370,1055774459755078591
1711727555,1055809610633058411
1711732740,1055863582014912307
1711737930,1055907988906841631
1711743125,1055951446230645823
1711748350,1055951446230645823
1711753590,1055951446230645823
1711758860,1056094932880707957
1711764030,1056099290843526611
1711769265,1056158347719239443
1711774570,1056215169693867580
1711779895,1056243903883406346
1711785195,1056243903883406346
1711790410,1056368097515469902
1711795555,1056383151019241210
1711800740,1056383151019241210
1711805985,1056413293626427084
1711811190,1056439719680036504
1711816460,1056467322107236719
1711821695,1056507425370574303
1711826935,1056524849503395273
1711832075,1056562251225410479
1711837375,1056605739180243658
1711842565,1056627547265189176
1711847760,1056627547265189176
1711852930,1056697858575905903
1711858200,1056723757676248006
1711863410,1056760599253514375
1711868670,1056784410905268458
1711873940,1056819864833445068
1711879150,1056819864833445068
1711884390,1056884276889394742
1711889600,1056913829927104775
1711894855,1056922989812834500
1711900105,1056922989812834500
1711905365,1057004635757373431
1711910600,1057042918871028874
1711915890,1057072182560255318
1711921090,1057072182560255318
1711926335,1057132926049467930
1711931520,1057165869451561501
1711936720,1057197725083293333
1711941925,1057199136951626076
1711947120,1057199136951626076
1711952415,1057199136951626076
1711957625,1057311017572170505
1711962885,1057324026479304607
1711968070,1057377630973650121
1711973310,1057409525269148745
1711978570,1057430884497230228
1711983805,1057466698671174687
1711989050,1057505528607291427
1711994270,1057528805561372729
1711999505,1057558260658070064
1712004695,1057579934138762895
1712009935,1057628893371821366
1712015205,1057628893371821366
1712020400,1057628893371821366
1712025660,1057628893371821366
1712030920,1057755022930432288
1712036125,1057759534681440471
1712041445,1057804484567133316
1712046755,1057842984417286301
1712052005,1057875923623687990
1712057350,1057896542547353153
1712062580,1057939884001662320
1712067825,1057944353634042769
1712073075,1057989290385814168
1712078235,1058018178293061276
1712083515,1058049612254853196
1712088775,1058049612254853196
1712093995,1058049612254853196
1712099285,1058117839621484248
1712104495,1058117839621484248
1712109655,1058187904505716368
1712114875,1058187904505716368
1712120055,1058241223150015684
1712125275,1058241223150015684
1712130485,1058313966104522933
1712135710,1058313966104522933
1712140990,1058361549880004928
1712146165,1058411345881332031
1712151390,1058411345881332031
1712156580,1058411345881332031
1712161815,1058496894650895584
1712167055,1058530437898585717
1712172245,1058530437898585717
1712177450,1058530437898585717
1712182685,1058530437898585717
1712187915,1058650301870709870
1712193155,1058650301870709870
1712198385,1058713104999992613
1712203615,1058730153524977023
1712208790,1058773776321713516
1712214040,1058773776321713516
1712219300,1058836772230988258
1712224580,1058859180256465437
1712229815,1058893274686347783
1712235060,1058913349744188251
1712240300,1058949676800734843
1712245595,1058983466927125002
1712250845,1059012817410115480
1712256095,1059042744288045206
1712261435,1059055737705232984
1712266685,1059093337118111862
1712271970,1059139350075662946
1712277225,1059158427157208752
1712282475,1059158427157208752
1712287765,1059234623618024156
1712293065,1059266938365013566
1712298310,1059285088615661655
1712303560,1059312115350740786
1712308830,1059312115350740786
1712314060,1059384248274310552
1712319340,1059418098581614828
1712324535,1059444242789509129
1712329805,1059449768357108527
1712335100,1059491914220097052
1712340370,1059500484927995559
1712345610,1059548836318174770
1712350860,1059570207338801985
1712356090,1059606376321413697
1712361270,1059620796095089513
1712366505,1059620796095089513
1712371690,1059620796095089513
1712376920,1059620796095089513
1712382150,1059739896440630543
1712387410,1059739896440630543
1712392690,1059812770190562033
1712397905,1059825850365659513
1712403215,1059878510902876731
1712408460,1059879807371848380
1712413720,1059921585362171191
1712418950,1059967232365750967
1712424240,1059986260070318674
1712429510,1060016135427046052
1712434775,1060055490790400908
1712440050,1060074035073606211
1712445255,1060115533311345969
1712450510,1060115533311345969
1712455700,1060115533311345969
1712460890,1060115533311345969
1712466110,1060226636712367631
1712471315,1060226636712367631
1712476565,1060290915512154325
1712481810,1060290915512154325
1712487025,1060342037121907489
1712492175,1060360800363476765
1712497345,1060386339872134212
1712502545,1060411026539824511
1712507760,1060411026539824511
1712512960,1060494232116593538
1712518140,1060522796856274123
1712523335,1060551136832258507
1712528520,1060578589531439697
1712533825,1060578589531439697
1712539025,1060578589531439697
1712544250,1060578589531439697
1712549530,1060687501784081549
1712554720,1060687501784081549
1712559905,1060687501784081549
1712565100,1060781863808762392
1712570240,1060790683667236446
1712575445,1060844361756456120
1712580640,1060873094828728288
1712585860,1060901810571403877
1712591170,1060914109191944106
1712596435,1060948036996019512
1712601630,1060976078661477554
1712606815,1060992950504471066
1712612070,1060992950504471066
1712617270,1061062892156124418
1712622525,1061073971866552638
1712627680,1061106965008509720
1712632885,1061142339239821979
1712638055,1061155825373160749
1712643245,1061188960064285676
1712648570,1061222391326748458
1712653805,1061249711093532153
1712658980,1061306153697458850
1712664220,1061335467418104233
1712669395,1061354745189676280
1712674595,1061405131544680937
1712679800,1061441287870771885
1712685005,1061465164369366746
1712690210,1061465164369366746
1712695460,1061513666517700565
1712700625,1061572995333557360
1712705810,1061608431406834394
1712710990,1061628349390732853
1712716155,1061628349390732853
1712721385,1061696770526400016
1712726555,1061742420579974136
1712731785,1061774431010325781
1712737010,1061801905364637393
1712742260,1061836014301362966
1712747460,1061874770345464165
1712752595,1061897509893838123
1712757770,1061942488806616721
1712762965,1061977612051085586
1712768100,1061994999553721731
1712773260,1062047662726798858
1712778440,1062070790781912859
1712783645,1062105932679934649
1712788810,1062136463846911563
1712793965,1062170770434789428
1712799120,1062200284644769847
1712804245,1062200284644769847
1712809355,1062200284644769847
1712814475,1062313273799095915
1712819555,1062313273799095915
1712824725,1062359943131303978
1712829910,1062359943131303978
1712835070,1062438835057162344
1712840165,1062438835057162344
1712845295,1062504613680665595
1712850460,1062504613680665595
1712855550,1062557752981860274
1712860635,1062582174527757645
1712865800,1062582174527757645
1712870915,1062656236452881224
1712876045,1062685469012163035
1712881190,1062693139461908371
1712886355,1062693139461908371
1712891510,1062757177023793226
1712896635,1062807712294675445
1712901785,1062807712294675445
1712906905,1062807712294675445
1712912010,1062882101312015243
1712917110,1062923598569742682
1712922245,1062945092836349855
1712927415,1062994976115592852
1712932630,1063025977824942918
1712937855,1063053263560496375
1712942980,1063087645217809351
1712948175,1063119052578497215
1712953285,1063147425243969478
1712958460,1063181129837614754
1712963610,1063198363879548936
1712968685,1063226542945473427
1712973800,1063226542945473427
1712978970,1063226542945473427
1712984090,1063311726420553003
1712989210,1063356819825786888
1712994370,1063356819825786888
1712999495,1063426487804671577
1713004625,1063426487804671577
1713009755,1063426487804671577
1713014905,1063505370482966298
1713020030,1063505370482966298
1713025140,1063580543739523795
1713030295,1063580543739523795
1713035450,1063580543739523795
1713040610,1063674425593281215
1713045780,1063701569162746501
1713050960,1063718468491063095
1713056080,1063751797934644054
1713061255,1063795359244820485
1713066410,1063800322074568275
1713071580,1063800322074568275
1713076775,1063891344936008923
1713081925,1063920372730859665
1713087120,1063932007185536959
1713092290,1063932007185536959
1713097475,1063932007185536959
1713102645,1063932007185536959
1713107910,1064070870584289390
1713113080,1064070870584289390
1713118325,1064117493144860927
1713123530,1064138489546746658
1713128700,1064172383204029911
1713133890,1064207104519005025
1713139040,1064229988165765264
1713144180,1064253386378887111
1713149325,1064253386378887111
1713154450,1064253386378887111
1713159600,1064334310675292454
1713164765,1064386396294320913
1713169965,1064419351759745188
1713175170,1064419351759745188
1713180360,1064465545433792623
1713185540,1064465545433792623
1713190730,1064542845145370769
1713195925,1064557427343196476
1713201100,1064590637788637680
1713206255,1064632702845221218
1713211460,1064656291328184646
1713216635,1064688829795565685
1713221825,1064688829795565685
1713227015,1064688829795565685
1713232180,1064688829795565685
1713237320,1064688829795565685
1713242480,1064843373494424857
1713247605,1064873569525229577
1713252740,1064873569525229577
1713257880,1064920148002169204
1713263060,1064956000679741492
1713268245,1064991877660334645
1713273405,1065003378138755051
1713278515,1065051749716485570
1713283690,1065075967571887245
1713288865,1065084626393839205
1713294035,1065118730484854885
1713299230,1065118730484854885
1713304375,1065198838750899361
1713309515,1065221623900665742
1713314735,1065245250531543892
1713319895,1065245250531543892
1713325020,1065245250531543892
1713330185,1065245250531543892
1713335320,1065370115482856771
1713340440,1065370115482856771
1713345615,1065370115482856771
1713350790,1065370115482856771
1713355925,1065480474083788644
1713361115,1065508760697498579
1713366260,1065536905606124083
1713371440,1065567708825563390
1713376620,1065588047949580260
1713381815,1065595288998513490
1713387020,1065595288998513490
1713392150,1065655882483819902
1713397330,1065674349778722229
1713402455,1065674349778722229
1713407660,1065674349778722229
1713412820,1065674349778722229
1713417990,1065674349778722229
1713423170,1065674349778722229
1713428360,1065862232135721692
1713433475,1065888741927438061
1713438645,1065888741927438061
1713443820,1065945346495526965
1713448930,1065970789142239548
1713454095,1066012669277384532
1713459275,1066033517362927370
1713464465,1066033517362927370
1713469580,1066107121312510645
1713474735,1066129610046365408
1713479940,1066165167235800390
1713485100,1066165167235800390
1713490245,1066220999158531644
1713495470,1066253019268568667
1713500595,1066253019268568667
1713505760,1066253019268568667
1713510955,1066253019268568667
1713516055,1066253019268568667
1713521215,1066378498760597032
1713526355,1066401282702541221
1713531600,1066401282702541221
1713536765,1066477704196408407
1713541995,1066477704196408407
1713547175,1066477704196408407
1713552460,1066477704196408407
1713557705,1066477704196408407
1713562980,1066477704196408407
1713568265,1066477704196408407
1713573445,1066682974308795377
1713578650,1066682974308795377
1713583870,1066729403617614913
1713589060,1066729403617614913
1713594325,1066729403617614913
1713599540,1066836799603621099
1713604830,1066836799603621099
1713610110,1066889753713688599
1713615345,1066917400595639476
1713620545,1066917400595639476
1713625870,1066981953528841560
1713631090,1066981953528841560
1713636345,1066981953528841560
1713641620,1067056510883757604
1713646845,1067078082123426556
1713652110,1067105911913228129
1713657405,1067147784675542988
1713662650,1067150686997247557
1713667945,1067150686997247557
1713673125,1067150686997247557
1713678390,1067245107352488807
1713683615,1067292412704577628
1713688885,1067309928180475013
1713694160,1067309928180475013
1713699340,1067309928180475013
1713704465,1067309928180475013
1713709615,1067309928180475013
1713714855,1067445105325833326
1713720040,1067445105325833326
1713725220,1067516155107100630
1713730395,1067558286148323762
1713735645,1067558286148323762
1713740800,1067592376336222474
1713745970,1067644911555080713
1713751150,1067644911555080713
1713756310,1067644911555080713
1713761460,1067644911555080713
1713766665,1067644911555080713
1713771810,1067644911555080713
1713776965,1067644911555080713
1713782110,1067823937430772888
1713787285,1067823937430772888
1713792485,1067823937430772888
1713797715,1067928924333789500
1713802865,1067950211496173184
1713808040,1067982111232180869
1713813215,1068005318618787551
1713818460,1068051646850505736
1713823600,1068051646850505736
1713828845,1068108161332508392
1713834040,1068118180668609317
1713839265,1068118180668609317
1713844395,1068179208603633607
1713849535,1068179208603633607
1713854730,1068252159837311880
1713859930,1068252159837311880
1713865130,1068287884210895988
1713870315,1068337613025914141
1713875520,1068358552816167935
1713880745,1068380772672557919
1713885935,1068416747031885446
1713891090,1068455002103194680
1713896275,1068476103829834102
1713901485,1068501040799661947
1713906640,1068501040799661947
1713911870,1068568368955473124
1713917030,1068578601534322249
1713922205,1068578601534322249
1713927405,1068578601534322249
1713932535,1068578601534322249
1713937720,1068578601534322249
1713942895,1068578601534322249
1713948050,1068770606550425804
1713953210,1068789038518621586
1713958395,1068789038518621586
1713963525,1068789038518621586
1713968690,1068789038518621586
1713973880,1068789038518621586
1713979025,1068937605177599885
1713984180,1068937605177599885
1713989355,1068937605177599885
1713994490,1069016087950864338
1713999645,1069047880642797922
1714004795,1069047880642797922
1714009965,1069047880642797922
1714015090,1069047880642797922
1714020300,1069164487270080955
1714025425,1069164487270080955
1714030605,1069222162957621025
1714035795,1069249309120501530
1714040945,1069249309120501530
1714046150,1069249309120501530
1714051305,1069336907196831446
1714056510,1069345408941727166
1714061710,1069395744966464801
1714066860,1069423462995755524
1714072035,1069446680264364099
1714077180,1069479278769929117
1714082385,1069505012960198715
1714087565,1069523079035462321
1714092750,1069565100683403081
1714097970,1069565100683403081
1714103180,1069565100683403081
1714108335,1069565100683403081
1714113485,1069565100683403081
1714118645,1069702290459565113
1714123775,1069702290459565113
1714128900,1069763779717426463
1714134020,1069763779717426463
1714139175,1069822526189280343
1714144325,1069854422128732113
1714149525,1069861440227365946
1714154715,1069906659877517339
1714159865,1069927186588755396
1714165060,1069937076198476347
1714170255,1069971642629428450
1714175385,1069977225071612587
1714180505,1070022873613620455
1714185645,1070022873613620455
1714190795,1070022873613620455
1714195985,1070084311336372256
1714201155,1070101491942320874
1714206295,1070101491942320874
1714211480,1070101491942320874
1714216695,1070101491942320874
1714221835,1070223050192267339
1714226935,1070251648586510716
1714232080,1070251648586510716
1714237255,1070251648586510716
1714242370,1070315875972170087
1714247530,1070315875972170087
1714252705,1070315875972170087
1714257845,1070397864138536488
1714262975,1070397864138536488
1714268165,1070397864138536488
1714273410,1070479552588514807
1714278515,1070482973970438134
1714283705,1070482973970438134
1714288910,1070482973970438134
1714294075,1070482973970438134
1714299205,1070596228249257475
1714304380,1070596228249257475
1714309515,1070638464154350822
1714314665,1070674790620114177
1714319795,1070696642574380638
1714324945,1070730139931189361
1714330145,1070737986067855374
1714335320,1070737986067855374
1714340500,1070795688470604875
1714345675,1070833961645094033
1714350895,1070833961645094033
1714356020,1070885081812277208
1714361245,1070889452545255363
1714366385,1070889452545255363
1714371530,1070889452545255363
1714376680,1070889452545255363
1714381925,1071006953228366732
1714387140,1071014410369046519
1714392275,1071014410369046519
1714397495,1071078759131311157
1714402655,1071078759131311157
1714407905,1071129257068400863
1714413195,1071146919129883145
1714418365,1071170265157387473
1714423560,1071170265157387473
1714428750,1071211721612943676
1714433885,1071211721612943676
1714439045,1071211721612943676
1714444215,1071211721612943676
1714449350,1071211721612943676
1714454480,1071211721612943676
1714459635,1071330955565516378
1714464865,1071367870381502800
1714470070,1071383608758641060
1714475225,1071383608758641060
1714480440,1071430838905121675
1714485655,1071457888195341238
1714490790,1071457888195341238
1714495980,1071457888195341238
1714501145,1071520033647050376
1714506335,1071546111344590947
1714511515,1071546111344590947
1714516710,1071594498233168661
1714521885,1071594498233168661
1714527070,1071594498233168661
1714532270,1071664958971661099
1714537480,1071667595536960262
1714542640,1071697473177043464
1714547845,1071735146616748783
1714552970,1071752975586047346
1714558135,1071752975586047346
1714563370,1071752975586047346
1714568575,1071752975586047346
1714573790,1071845040392973760
1714578960,1071873773195331475
1714584150,1071873773195331475
1714589370,1071873773195331475
1714594575,1071942387423563723
1714599775,1071968212362040115
1714604985,1071968212362040115
1714610155,1071968212362040115
1714615335,1072037025893187315
1714620530,1072049633772283329
1714625770,1072049633772283329
1714630985,1072049633772283329
1714636165,1072049633772283329
1714641285,1072151051916064026
1714646495,1072166291794918590
1714651865,1072166291794918590
1714657190,1072222437840804526
1714662550,1072222437840804526
1714668005,1072267098006133411
1714673335,1072278168061991447
1714678500,1072320187259234781
1714683840,1072320187259234781
1714689230,1072320187259234781
1714694375,1072320187259234781
1714699480,1072347971221801456
1714704690,1072347971221801456
1714709800,1072347971221801456
1714714915,1072416149875524134
1714720055,1072416149875524134
1714725200,1072461437727820666
1714730350,1072461437727820666
1714735505,1072522179015022788
1714740665,1072544131537362059
1714745825,1072565711044930840
1714750935,1072591017894764309
1714756075,1072603736904221390
1714761215,1072603736904221390
1714766315,1072603736904221390
1714771500,1072677308450898891
1714776660,1072677308450898891
1714781825,1072677308450898891
1714786975,1072677308450898891
1714792095,1072677308450898891
1714797255,1072677308450898891
1714802370,1072677308450898891
1714807515,1072677308450898891
1714812640,1072677308450898891
1714817745,1072877366165209679
1714822885,1072912780846200544
1714828000,1072934157291177491
1714833160,1072951338615235486
1714838330,1072982743964065532
1714843455,1072991076128533955
1714848560,1072991076128533955
1714853650,1073041784579664015
1714858755,1073061708991935174
1714863890,1073061708991935174
1714869045,1073061708991935174
1714874105,1073132800095446356
1714879205,1073132800095446356
1714884320,1073132800095446356
1714889490,1073200785621971547
1714894605,1073200785621971547
1714899725,1073200785621971547
1714904875,1073200785621971547
1714909970,1073200785621971547
1714915110,1073200785621971547
1714920280,1073335865541634684
1714925415,1073371288972951048
1714930565,1073371288972951048
1714935650,1073406295853738856
1714940795,1073406295853738856
1714945970,1073406295853738856
1714951115,1073485370623576723
1714956295,1073486846820179374
1714961430,1073508116980193315
1714966565,1073518742783660594
1714971735,1073518742783660594
1714976840,1073518742783660594
1714981965,1073601650864604387
1714987125,1073629210722245402
1714992300,1073629210722245402
1714997425,1073629210722245402
1715002595,1073629210722245402
1715007715,1073629210722245402
1715012835,1073739162980652033
1715017980,1073773536533181253
1715023080,1073773536533181253
1715028180,1073812674183796710
1715033340,1073839769979062334
1715038410,1073839769979062334
1715043555,1073875725544264983
1715048695,1073875725544264983
1715053805,1073929514860702744
1715058945,1073929514860702744
1715064115,1073929514860702744
1715069270,1073991385382711657
1715074340,1074021231134549871
1715079455,1074021231134549871
1715084640,1074021231134549871
1715089785,1074021231134549871
1715094935,1074123036336191673
1715100025,1074123036336191673
1715105130,1074123036336191673
1715110300,1074123036336191673
1715115415,1074204463227913488
1715120630,1074235614939163329
1715125760,1074265814043772165
1715130850,1074265814043772165
1715136010,1074290182566348067
1715141145,1074290182566348067
1715146305,1074290182566348067
1715151465,1074290182566348067
1715156595,1074398148283033677
1715161790,1074427291982881916
1715166960,1074427291982881916
1715172090,1074427291982881916
1715177260,1074499516324681534
1715182425,1074515720960318491
1715187605,1074547529618640363
1715192795,1074558179232654765
1715197910,1074558179232654765
1715203050,1074606618312820830
1715208200,1074640576922273196
1715213370,1074640576922273196
1715218580,1074679741339744603
1715223775,1074691197729852012
1715228925,1074711633791546770
1715234080,1074731007670759609
1715239215,1074731007670759609
1715244350,1074731007670759609
1715249530,1074793167551049898
1715254690,1074825034053831165
1715259865,1074825034053831165
1715265040,1074871267001191225
1715270160,1074881168009619542
1715275315,1074881168009619542
1715280470,1074937054587946953
1715285600,1074937054587946953
1715290720,1074937054587946953
1715295855,1075001428120677316
1715300945,1075001428120677316
1715306085,1075052010944982158
1715311165,1075052010944982158
1715316310,1075052010944982158
1715321430,1075052010944982158
1715326530,1075052010944982158
1715331680,1075165563561962302
1715336830,1075165563561962302
1715342030,1075165563561962302
1715347175,1075165563561962302
1715352295,1075165563561962302
1715357475,1075279714920981467
1715362600,1075301006311786760
1715367725,1075301006311786760
1715372855,1075301006311786760
1715377995,1075301006311786760
1715383145,1075301006311786760
1715388325,1075403181764021592
1715393460,1075403181764021592
1715398655,1075403181764021592
1715403835,1075403181764021592
1715408995,1075403181764021592
1715414155,1075520294321716815
1715419300,1075520294321716815
1715424430,1075520294321716815
1715429640,1075520294321716815
1715434790,1075520294321716815
1715440005,1075635218231947040
1715445185,1075662478268809063
1715450315,1075662478268809063
1715455460,1075662478268809063
1715460610,1075662478268809063
1715465805,1075742792317171654
1715470945,1075761392662778894
1715476150,1075761392662778894
1715481330,1075824233447326877
1715486555,1075824233447326877
1715491755,1075824233447326877
1715496950,1075836712436546893
1715502175,1075836712436546893
1715507340,1075836712436546893
1715512505,1075836712436546893
1715517750,1075836712436546893
1715522880,1075836712436546893
1715528025,1075973945420394093
1715533245,1075973945420394093
1715538460,1075973945420394093
1715543695,1076051499923170351
1715548880,1076051499923170351
1715554005,1076080902266619530
1715559165,1076102096839958106
1715564310,1076102096839958106
1715569465,1076102096839958106
1715574630,1076102096839958106
1715579745,1076102096839958106
1715584890,1076102096839958106
1715590015,1076102096839958106
1715595140,1076258844255181892
1715600300,1076258844255181892
1715605455,1076310753386719139
1715610690,1076310753386719139
1715615840,1076365767694428029
1715620995,1076365767694428029
1715626160,1076415699904781568
1715631335,1076438554846337883
1715636510,1076438554846337883
1715641700,1076479237435526337
1715646900,1076501191337368506
1715652040,1076501191337368506
1715657185,1076534637034228940
1715662285,1076534637034228940
1715667465,1076534637034228940
1715672655,1076613048545158160
1715677800,1076613048545158160
1715682915,1076613048545158160
1715688010,1076613048545158160
1715693155,1076613048545158160
1715698295,1076613048545158160
1715703450,1076740814351450490
1715708595,1076759359705007761
1715713765,1076800284991406593
1715718900,1076820494271336273
1715724035,1076839493445357177
1715729210,1076839493445357177
1715734400,1076839493445357177
1715739550,1076839493445357177
1715744690,1076915555281257820
1715749820,1076915555281257820
1715754925,1076964606412513134
1715760005,1076988348185912437
1715765125,1076988348185912437
1715770240,1077032119482706603
1715775365,1077051575433004578
1715780495,1077051575433004578
1715785600,1077082596424784406
1715790740,1077082596424784406
1715795880,1077150260437589847
1715801035,1077150260437589847
1715806155,1077183010133150804
1715811320,1077200839469199546
1715816470,1077240790766190927
1715821625,1077251652329139969
1715826765,1077251652329139969
1715831915,1077251652329139969
1715837050,1077251652329139969
1715842180,1077251652329139969
1715847295,1077374724184501813
1715852445,1077398512620682309
1715857555,1077398512620682309
1715862670,1077432200296597194
1715867795,1077466471170883513
1715872980,1077475666603267259
1715878145,1077475666603267259
1715883280,1077475666603267259
1715888480,1077555645331633968
1715893610,1077555645331633968
1715898830,1077555645331633968
1715903945,1077555645331633968
1715909110,1077634419552357365
1715914225,1077634419552357365
1715919350,1077675432327748301
1715924505,1077675432327748301
1715929650,1077675432327748301
1715934765,1077754431114728331
1715939915,1077754431114728331
1715945060,1077754431114728331
1715950215,1077754431114728331
1715955455,1077827537457287125
1715960615,1077868866434533236
1715965765,1077874879213825849
1715970965,1077874879213825849
1715976100,1077874879213825849
1715981260,1077874879213825849
1715986410,1077979618314531174
1715991520,1077984425687016615
1715996635,1077984425687016615
1716001745,1077984425687016615
1716006840,1077984425687016615
1716011985,1077984425687016615
1716017095,1077984425687016615
1716022225,1077984425687016615
1716027390,1077984425687016615
1716032515,1078112278055334608
1716037650,1078120916529530013
1716042825,1078147429360033779
1716047945,1078163106750964871
1716053070,1078163106750964871
1716058240,1078215599629500649
1716063390,1078215599629500649
1716068555,1078215599629500649
1716073645,1078215599629500649
1716078755,1078215599629500649
1716083875,1078215599629500649
1716089010,1078215599629500649
1716094120,1078215599629500649
1716099265,1078215599629500649
1716104445,1078215599629500649
1716109575,1078215599629500649
1716114735,1078215599629500649
1716119900,1078215599629500649
1716125075,1078496460923863142
1716130215,1078496460923863142
1716135285,1078536480119947415
1716140435,1078536480119947415
1716145570,1078536480119947415
1716150710,1078536480119947415
1716155845,1078628911781119092
1716160960,1078628911781119092
1716166090,1078628911781119092
1716171185,1078628911781119092
1716176305,1078628911781119092
1716181455,1078751015772416839
1716186525,1078753279981011801
1716191665,1078753279981011801
1716196770,1078817153239886866
1716201895,1078838492707445736
1716206980,1078852931738669415
1716212135,1078852931738669415
1716217315,1078884954331090915
1716222450,1078922653398677002
1716227625,1078932520741847687
1716232815,1078968988452292009
1716237890,1078992995850363514
1716243060,1079012314233997660
1716248235,1079037242736140089
1716253420,1079058334631570832
1716258555,1079058334631570832
1716263730,1079094863564651760
1716268870,1079094863564651760
1716274020,1079094863564651760
1716279115,1079094863564651760
1716284265,1079172666310215243
1716289420,1079194385569999379
1716294590,1079222476244938342
1716299755,1079244121242834518
1716304845,1079254393643950871
1716309975,1079280444596545724
1716315095,1079299766827871675
1716320250,1079299766827871675
1716325375,1079299766827871675
1716330545,1079359777584952181
1716335690,1079368294374413081
1716340800,1079368294374413081
1716345910,1079410884174895298
1716351040,1079410884174895298
1716356155,1079410884174895298
1716361365,1079410884174895298
1716366555,1079410884174895298
1716371760,1079410884174895298
1716376865,1079533954603056966
1716382045,1079556669409491508
1716387170,1079558075175359953
1716392285,1079558075175359953
1716397410,1079598746515532592
1716402540,1079625821324182378
1716407690,1079625821324182378
1716412790,1079660244952725962
1716417945,1079660244952725962
1716423125,1079712854082417409
1716428260,1079718643949924795
1716433405,1079747605973505684
1716438530,1079747605973505684
1716443695,1079776068825609470
1716448845,1079776068825609470
1716453950,1079815906949203392
1716459070,1079815906949203392
1716464195,1079815906949203392
1716469325,1079884570064084213
1716474440,1079901901764709245
1716479530,1079901901764709245
1716484650,1079901901764709245
1716489760,1079952069403628807
1716494870,1079952069403628807
1716500040,1080002955211330555
1716505195,1080014382887852110
1716510320,1080014382887852110
1716515425,1080014382887852110
1716520555,1080014382887852110
1716525685,1080091022487132862
1716530815,1080091022487132862
1716535960,1080091022487132862
1716541235,1080091022487132862
1716546420,1080169313562206764
1716551515,1080204258043619374
1716556655,1080204258043619374
1716561800,1080239763283865604
1716566965,1080258456462889148
1716572120,1080272278724328310
1716577220,1080272278724328310
1716582365,1080272278724328310
1716587465,1080328664830327934
1716592590,1080328664830327934
1716597765,1080328664830327934
1716602925,1080328664830327934
1716608200,1080328664830327934
1716613385,1080420411663970723
1716618550,1080431160570189746
1716623735,1080454205873639660
1716628905,1080454205873639660
1716634065,1080477681395403452
1716639280,1080477681395403452
1716644455,1080477681395403452
1716649565,1080547473766369666
1716654740,1080565358550714843
1716659900,1080566340387362902
1716665070,1080597810668106787
1716670230,1080597810668106787
1716675470,1080597810668106787
1716680650,1080597810668106787
1716685825,1080597810668106787
1716691000,1080597810668106787
1716696175,1080597810668106787
1716701305,1080722206834935884
1716706445,1080722206834935884
1716711635,1080722206834935884
1716716825,1080722206834935884
1716721970,1080722206834935884
1716727200,1080815075294949322
1716732365,1080833588951698729
1716737550,1080833588951698729
1716742725,1080863962646685136
1716747875,1080863962646685136
1716753005,1080863962646685136
1716758110,1080863962646685136
1716763260,1080863962646685136
1716768450,1080863962646685136
1716773605,1080863962646685136
1716778785,1080997470402963672
1716783990,1080997470402963672
1716789185,1081021286049737416
1716794355,1081047292574063464
1716799520,1081047292574063464
1716804730,1081077503188810963
1716809955,1081077503188810963
1716815175,1081115679956422967
1716820450,1081115679956422967
1716825640,1081153571296610545
1716830810,1081163528110873813
1716836015,1081190032309649357
1716841170,1081192135273133120
1716846400,1081222278682470611
1716851590,1081233020919303834
1716856710,1081261301203466945
1716861915,1081261301203466945
1716867105,1081261301203466945
1716872265,1081261301203466945
1716877455,1081261301203466945
1716882575,1081350367890747242
1716887730,1081371075087486281
1716892810,1081383332443251519
1716898000,1081404438478174896
1716903205,1081404438478174896
1716908425,1081404438478174896
1716913650,1081404438478174896
1716918805,1081404438478174896
1716923940,1081494905193161727
1716929125,1081513882145562338
1716934245,1081513882145562338
1716939450,1081540232376223027
1716944640,1081540232376223027
1716949805,1081573446654413677
1716954935,1081573446654413677
1716960140,1081573446654413677
1716965265,1081573446654413677
1716970410,1081659895579216287
1716975535,1081659895579216287
1716980685,1081659895579216287
1716985865,1081659895579216287
1716991000,1081659895579216287
1716996145,1081659895579216287
1717001305,1081659895579216287
1717006440,1081659895579216287
1717011590,1081659895579216287
1717016760,1081659895579216287
1717021905,1081659895579216287
1717027015,1081659895579216287
1717032155,1081659895579216287
1717037290,1081659895579216287
1717042445,1081659895579216287
1717047555,1081927108250819239
1717052700,1081927108250819239
1717057900,1081927108250819239
1717063120,1081981459568718133
1717068290,1081981459568718133
1717073475,1081981459568718133
1717078600,1081981459568718133
1717083820,1081981459568718133
1717089040,1081981459568718133
1717094205,1082018824768950130
1717099410,1082018824768950130
1717104575,1082018824768950130
1717109740,1082018824768950130
1717114940,1082086121113767062
1717120140,1082086121113767062
1717125325,1082086121113767062
1717130515,1082086121113767062
1717135665,1082166806126927723
1717140905,1082166806126927723
1717146020,1082166806126927723
1717151190,1082166806126927723
1717156450,1082242997303626465
1717161595,1082242997303626465
1717166725,1082285402601636763
1717171870,1082302984018233771
1717177030,1082311628355937771
1717182215,1082336885603866893
1717187345,1082336885603866893
1717192510,1082336885603866893
1717197650,1082336885603866893
1717202790,1082336885603866893
1717207905,1082336885603866893
1717213020,1082336885603866893
1717218170,1082454028334736301
1717223280,1082477828102919191
1717228405,1082477828102919191
1717233605,1082512736352698192
1717238725,1082512736352698192
1717243885,1082558789265902609
1717249030,1082568098094666672
1717254165,1082568098094666672
1717259300,1082568098094666672
1717264435,1082628038926644427
1717269590,1082649004812217333
1717274675,1082649004812217333
1717279785,1082673282097312134
1717284930,1082673282097312134
1717290085,1082673282097312134
1717295245,1082673282097312134
1717300375,1082673282097312134
1717305485,1082673282097312134
1717310615,1082673282097312134
1717315775,1082673282097312134
1717320940,1082673282097312134
1717326095,1082673282097312134
1717331220,1082673282097312134
1717336340,1082889971967456379
1717341450,1082889971967456379
1717346545,1082889971967456379
1717351675,1082935688500117754
1717356790,1082950624237667001
1717361860,1082950624237667001
1717367040,1082950624237667001
1717372185,1082950624237667001
1717377300,1082950624237667001
1717382385,1082950624237667001
1717387575,1082950624237667001
1717392665,1082950624237667001
1717397850,1082950624237667001
1717402995,1082950624237667001
1717408105,1082950624237667001
1717413240,1082950624237667001
1717418395,1082950624237667001
1717423600,1083190917271566815
1717428755,1083225819242790766
1717433910,1083225819242790766
1717439050,1083258027465514312
1717444230,1083258027465514312
1717449370,1083287780425377693
1717454510,1083287780425377693
1717459635,1083325776866609767
1717464750,1083325776866609767
1717469855,1083325776866609767
1717474980,1083325776866609767
1717480095,1083325776866609767
1717485255,1083325776866609767
1717490405,1083445992582567737
1717495495,1083459887960530877
1717500605,1083459887960530877
1717505755,1083459887960530877
1717510910,1083459887960530877
1717516115,1083459887960530877
1717521315,1083459887960530877
1717526520,1083581398567175727
1717531680,1083601745028494607
1717536805,1083621151012688197
1717541955,1083635152402532985
1717547040,1083635152402532985
1717552190,1083635152402532985
1717557330,1083635152402532985
1717562545,1083718129762674300
1717567655,1083736268374986044
1717572825,1083736268374986044
1717578060,1083736268374986044
1717583235,1083736268374986044
1717588485,1083806657967704108
1717593685,1083806657967704108
1717598895,1083806657967704108
1717604115,1083806657967704108
1717609260,1083806657967704108
1717614390,1083893915200111003
1717619580,1083923194201476900
1717624755,1083923194201476900
1717629980,1083923194201476900
1717635215,1083923194201476900
1717640395,1083923194201476900
1717645585,1083923194201476900
1717650685,1083923194201476900
1717655870,1083923194201476900
1717661015,1083923194201476900
1717666155,1083923194201476900
1717671300,1083923194201476900
1717676435,1083923194201476900
1717681620,1083923194201476900
1717686860,1084155770136653696
1717692035,1084168262714015687
1717697255,1084168262714015687
1717702405,1084168262714015687
1717707570,1084168262714015687
1717712760,1084168262714015687
1717717970,1084168262714015687
1717723170,1084168262714015687
1717728380,1084168262714015687
1717733565,1084168262714015687
1717738755,1084168262714015687
1717743950,1084168262714015687
1717749180,1084168262714015687
1717754315,1084168262714015687
1717759510,1084168262714015687
1717764705,1084425398640920750
1717769840,1084425398640920750
1717775090,1084425398640920750
1717780270,1084425398640920750
1717785465,1084497192504294812
1717790640,1084507126784047640
1717795805,1084507126784047640
1717801015,1084507126784047640
1717806220,1084507126784047640
1717811470,1084507126784047640
1717816670,1084507126784047640
1717821835,1084507126784047640
1717827095,1084507126784047640
1717832350,1084507126784047640
1717837550,1084507126784047640
1717842760,1084507126784047640
1717847945,1084507126784047640
1717853105,1084721797687159437
1717858295,1084747707999330168
1717863435,1084747707999330168
1717868585,1084770532379071830
1717873740,1084770532379071830
1717878940,1084770532379071830
1717884125,1084770532379071830
1717889340,1084789159431229317
1717894545,1084789159431229317
1717899780,1084789159431229317
1717905010,1084789159431229317
1717910215,1084789159431229317
1717915435,1084789159431229317
1717920660,1084789159431229317
1717925880,1084789159431229317
1717931100,1084789159431229317
1717936305,1084789159431229317
1717941555,1084968443769792091
1717946775,1084968443769792091
1717952020,1084968443769792091
1717957235,1085025004199092676
1717962375,1085025004199092676
1717967500,1085025004199092676
1717972675,1085025004199092676
1717977795,1085025004199092676
1717982980,1085025004199092676
1717988090,1085025004199092676
1717993195,1085025004199092676
1717998350,1085025004199092676
1718003450,1085025004199092676
1718008635,1085025004199092676
1718013790,1085025004199092676
1718018950,1085025004199092676
1718024075,1085025004199092676
1718029185,1085273614550092893
1718034345,1085273614550092893
1718039465,1085316954397647896
1718044615,1085335786730103693
1718049750,1085348811399874859
1718054895,1085348811399874859
1718060035,1085382611768963952
1718065270,1085382611768963952
1718070470,1085382611768963952
1718075655,1085437183400209247
1718080830,1085459371271410347
1718085995,1085459371271410347
1718091230,1085486018403870378
1718096430,1085505820256108509
1718101590,1085505820256108509
1718106745,1085505820256108509
1718111860,1085564855265229545
1718117040,1085567304141006864
1718122150,1085601523153803026
1718127305,1085612433955081964
1718132450,1085612433955081964
1718137625,1085612433955081964
1718142745,1085658051852993108
1718147880,1085658051852993108
1718153095,1085658051852993108
1718158230,1085677212317098047
1718163370,1085677212317098047
1718168500,1085677212317098047
1718173655,1085734656148542055
1718178775,1085734656148542055
1718183955,1085734656148542055
1718189085,1085796347557239486
1718194240,1085808079290044865
1718199405,1085829763592750764
1718204560,1085829763592750764
1718209760,1085829763592750764
1718214890,1085829763592750764
1718220055,1085829763592750764
1718225170,1085829763592750764
1718230295,1085829763592750764
1718235480,1085829763592750764
1718240625,1085829763592750764
1718245800,1085829763592750764
1718250930,1086026256458097634
1718256075,1086043743237562078
1718261215,1086043743237562078
1718266335,1086043743237562078
1718271490,1086098207385428695
1718276605,1086098207385428695
1718281720,1086098207385428695
1718286840,1086098207385428695
1718292030,1086098207385428695
1718297155,1086181824874992672
1718302280,1086216077343363519
1718307430,1086216077343363519
1718312530,1086236865336408273
1718317640,1086236865336408273
1718322780,1086236865336408273
1718327885,1086236865336408273
1718333080,1086236865336408273
1718338270,1086236865336408273
1718343365,1086236865336408273
1718348540,1086236865336408273
1718353640,1086236865336408273
1718358750,1086236865336408273
1718363850,1086439987436711641
1718368990,1086439987436711641
1718374165,1086470949366953438
1718379295,1086484418640661909
1718384395,1086504894791730086
1718389550,1086504894791730086
1718394730,1086504894791730086
1718399870,1086504894791730086
1718404980,1086589834169648116
1718410130,1086590560733417882
1718415300,1086617347419634539
1718420420,1086617347419634539
1718425620,1086617347419634539
1718430760,1086617347419634539
1718435850,1086617419990738025
1718440995,1086617419990738025
1718446160,1086617419990738025
1718451335,1086617419990738025
1718456485,1086617419990738025
1718461660,1086617419990738025
1718466820,1086617419990738025
1718471950,1086617419990738025
1718477080,1086617419990738025
1718482210,1086617419990738025
1718487365,1086617419990738025
1718492485,1086617419990738025
1718497640,1086617419990738025
1718502780,1086617419990738025
1718507870,1086617419990738025
1718513045,1086617419990738025
1718518270,1086617419990738025
1718523460,1086617419990738025
1718528685,1086617419990738025
1718533895,1086617419990738025
1718539065,1086617419990738025
1718544320,1086617419990738025
1718549490,1086617419990738025
1718554745,1086617419990738025
1718559930,1086617419990738025
1718565075,1086617419990738025
1718570260,1086617419990738025
1718575455,1087108645871046245
1718580620,1087108645871046245
1718585765,1087108645871046245
1718591000,1087108645871046245
1718596210,1087108645871046245
1718601360,1087108645871046245
1718606530,1087108645871046245
1718611700,1087231768468813604
1718616895,1087231768468813604
1718622040,1087231768468813604
1718627135,1087288456260954601
1718632245,1087288456260954601
1718637395,1087288456260954601
1718642525,1087288456260954601
1718647630,1087370758488648991
1718652775,1087389716861675709
1718657920,1087389716861675709
1718663055,1087389716861675709
1718668145,1087389716861675709
1718673285,1087389716861675709
1718678445,1087464094626516832
1718683595,1087464094626516832
1718688770,1087464094626516832
1718693905,1087464094626516832
1718699095,1087464094626516832
1718704280,1087464094626516832
1718709465,1087530311385510770
1718714665,1087545751147625434
1718719845,1087545751147625434
1718725010,1087545751147625434
1718730140,1087612348653962960
1718735215,1087634270287361241
1718740355,1087634270287361241
1718745480,1087634270287361241
1718750610,1087634270287361241
1718755795,1087707653437629505
1718760945,1087707653437629505
1718766085,1087748027675451140
1718771230,1087767091840742602
1718776360,1087779366970413291
1718781520,1087791866550106650
1718786690,1087809417283405790
1718791840,1087809417283405790
1718797010,1087809417283405790
1718802125,1087809417283405790
1718807245,1087881641019714394
1718812385,1087881641019714394
1718817535,1087935465081058176
1718822665,1087937507259802716
1718827810,1087937507259802716
1718832925,1087979431179776562
1718838060,1087994250709393526
1718843235,1087994250709393526
1718848325,1087994250709393526
1718853470,1087994250709393526
1718858655,1087994250709393526
1718863840,1087994250709393526
1718868975,1087994250709393526
1718874105,1087994250709393526
1718879300,1087994250709393526
1718884425,1088179553498412629
1718889570,1088179553498412629
1718894740,1088205478740340853
1718899865,1088223617147796242
1718905065,1088249058096596945
1718910260,1088255795982020964
1718915395,1088291925998760113
1718920515,1088291925998760113
1718925610,1088291925998760113
1718930795,1088291925998760113
1718936025,1088291925998760113
1718941130,1088291925998760113
1718946280,1088291925998760113
1718951460,1088291925998760113
1718956640,1088291925998760113
1718961750,1088291925998760113
1718966880,1088291925998760113
1718972010,1088291925998760113
1718977185,1088291925998760113
1718982375,1088291925998760113
1718987605,1088291925998760113
1718992770,1088291925998760113
1718997945,1088291925998760113
1719003075,1088291925998760113
1719008235,1088477002986812785
1719013385,1088503366876897231
1719018585,1088503366876897231
1719023740,1088503366876897231
1719028985,1088503366876897231
1719034145,1088503366876897231
1719039310,1088503366876897231
1719044525,1088503366876897231
1719049685,1088503366876897231
1719054870,1088646220794967523
1719060075,1088671568121192967
1719065250,1088674944187922858
1719070395,1088674944187922858
1719075530,1088721223612032504
1719080675,1088731040250730848
1719085865,1088731040250730848
1719091045,1088767047378395947
1719096200,1088767047378395947
1719101360,1088767047378395947
1719106510,1088767047378395947
1719111660,1088767047378395947
1719116825,1088767047378395947
1719121950,1088767047378395947
1719127075,1088767047378395947
1719132250,1088926453354400198
1719137505,1088926453354400198
1719142690,1088926453354400198
1719147970,1088926453354400198
1719153110,1088926453354400198
1719158295,1088926453354400198
1719163425,1088926453354400198
1719168610,1089044104958134996
1719173730,1089044104958134996
1719178825,1089080450302581893
1719183985,1089096303870518438
1719189140,1089096303870518438
1719194215,1089096303870518438
1719199335,1089096303870518438
1719204505,1089178293948860324
1719209610,1089194602439805960
1719214760,1089194602439805960
1719219905,1089194602439805960
1719225060,1089250090972429928
1719230205,1089276647303958454
1719235370,1089294865180233459
1719240520,1089294865180233459
1719245720,1089323694156264768
1719250880,1089346706303273032
1719256090,1089365739706348971
1719261240,1089376504901015948
1719266380,1089404482490370120
1719271520,1089404482490370120
1719276695,1089438404014247387
1719281835,1089438404014247387
1719286980,1089438404014247387
1719292115,1089438404014247387
1719297285,1089438404014247387
1719302455,1089438404014247387
1719307630,1089438404014247387
1719312805,1089438404014247387
1719318005,1089438404014247387
1719323150,1089626611310393214
1719328350,1089626611310393214
1719333510,1089626611310393214
1719338660,1089668100035023728
1719343825,1089698809742570766
1719349015,1089698809742570766
1719354205,1089747707631890680
1719359395,1089756545226085748
1719364620,1089776012128484632
1719369845,1089776012128484632
1719375090,1089776012128484632
1719380325,1089776012128484632
1719385560,1089851798688784305
1719390695,1089851798688784305
1719395905,1089851798688784305
1719401100,1089851798688784305
1719406260,1089851798688784305
1719411450,1089851798688784305
1719416655,1089986931787067655
1719421850,1089986931787067655
1719427020,1089986931787067655
1719432165,1089986931787067655
1719437310,1089986931787067655
1719442500,1090080237227707266
1719447610,1090110283543050509
1719452760,1090110283543050509
1719457910,1090136979220933437
1719463095,1090136979220933437
1719468285,1090190838352332280
1719473445,1090197607060363474
1719478590,1090221296806587537
1719483775,1090221296806587537
1719488935,1090270851453444977
1719494155,1090275060735118823
1719499340,1090275060735118823
1719504495,1090275060735118823
1719509635,1090275060735118823
1719514800,1090275060735118823
1719520060,1090388475244448378
1719525270,1090388475244448378
1719530395,1090388475244448378
1719535565,1090388475244448378
1719540800,1090388475244448378
1719546045,1090407459658293409
1719551245,1090407459658293409
1719556400,1090407459658293409
1719561600,1090407459658293409
1719566855,1090407459658293409
1719572120,1090407459658293409
1719577350,1090510644604580313
1719582565,1090524679894369338
1719587720,1090524679894369338
1719592925,1090524679894369338
1719598095,1090524679894369338
1719603320,1090524679894369338
1719608505,1090611311406729170
1719613660,1090632548444179315
1719618790,1090632548444179315
1719623955,1090632548444179315
1719629235,1090632548444179315
1719634395,1090632548444179315
1719639635,1090632548444179315
1719644835,1090632548444179315
1719650015,1090755484591051709
1719655130,1090755484591051709
1719660320,1090792744895478796
1719665455,1090792744895478796
1719670645,1090792744895478796
1719675800,1090792744895478796
1719681010,1090792744895478796
1719686160,1090879992754118183
1719691345,1090879992754118183
1719696520,1090915630809556765
1719701690,1090915630809556765
1719706950,1090915630809556765
1719712130,1090915630809556765
1719717305,1090915630809556765
1719722485,1090915630809556765
1719727685,1090915630809556765
1719732845,1090915630809556765
1719738025,1090915630809556765
1719743175,1090915630809556765
1719748330,1090915630809556765
1719753495,1090915630809556765
1719758695,1090915630809556765
1719763880,1090915630809556765
1719769020,1090915630809556765
1719774175,1090915630809556765
1719779295,1090915630809556765
1719784460,1091209400571697138
1719789625,1091209400571697138
1719794770,1091209400571697138
1719799960,1091209400571697138
1719805120,1091275668059254191
1719810270,1091275668059254191
1719815390,1091275668059254191
1719820545,1091280616385066521
1719825670,1091280616385066521
1719830845,1091323797014662916
1719835980,1091323797014662916
1719841195,1091347147837148532
1719846405,1091380589706149504
1719851530,1091396136147614211
1719856705,1091396136147614211
1719861890,1091396136147614211
1719867015,1091445627088572455
1719872165,1091471376366475171
1719877330,1091482820855293333
1719882545,1091482820855293333
1719887755,1091482820855293333
1719892890,1091482820855293333
1719898085,1091554908057938963
1719903285,1091554908057938963
1719908505,1091554908057938963
1719913680,1091554908057938963
1719918910,1091633072947710060
1719924105,1091649492311286824
1719929335,1091649492311286824
1719934545,1091701457024862072
1719939805,1091708196534820383
1719944975,1091708196534820383
1719950295,1091752659048133178
1719955485,1091752659048133178
1719960725,1091752659048133178
1719965910,1091752659048133178
1719971080,1091824021902077170
1719976250,1091824021902077170
1719981475,1091824021902077170
1719986635,1091824021902077170
1719991775,1091824021902077170
1719996930,1091936336861837142
1720002145,1091952248213453724
1720007315,1091952248213453724
1720012510,1091990066098676284
1720017695,1091999981368169060
1720022900,1091999981368169060
1720028045,1092041004077171268
1720033215,1092063755709288825
1720038415,1092088535219929662
1720043540,1092107630128538049
1720048710,1092107630128538049
1720053880,1092107630128538049
1720059055,1092107630128538049
1720064290,1092169007999256835
1720069460,1092169007999256835
1720074635,1092212903492744045
1720079810,1092237489814254798
1720084995,1092256423037605677
1720090185,1092267904644245258
1720095320,1092281198216743596
1720100475,1092301922710393002
1720105600,1092325703058751702
1720110775,1092325703058751702
1720115935,1092325703058751702
1720121060,1092383205403486399
1720126230,1092399771036260291
1720131410,1092411407400737538
1720136595,1092411407400737538
1720141810,1092411407400737538
1720146970,1092411407400737538
1720152205,1092489809393492914
1720157345,1092510080590255784
1720162460,1092510080590255784
1720167620,1092548885032753502
1720172830,1092557477285158916
1720178025,1092573503724774413
1720183190,1092590347594152807
1720188460,1092590347594152807
1720193690,1092590347594152807
1720198945,1092590347594152807
1720204155,1092667780346975084
1720209305,1092696595971844427
1720214480,1092696595971844427
1720219645,1092730760174679764
1720224840,1092730760174679764
1720230020,1092730760174679764
1720235205,1092730760174679764
1720240415,1092730760174679764
1720245570,1092730760174679764
1720250775,1092730760174679764
1720255955,1092730760174679764
1720261140,1092730760174679764
1720266370,1092895086840335289
1720271550,1092895086840335289
1720276775,1092919275019398793
1720282045,1092947047960663683
1720287265,1092970124533093305
1720292450,1092984172923482596
1720297610,1092991355246031641
1720302760,1092991355246031641
1720307875,1092991355246031641
1720312995,1092991355246031641
1720318135,1092991355246031641
1720323270,1092991355246031641
1720328460,1092991355246031641
1720333600,1092991355246031641
1720338750,1092991355246031641
1720343900,1092991355246031641
1720349085,1092991355246031641
1720354200,1093149405013084479
1720359385,1093152452911299008
1720364500,1093169923365196617
1720369650,1093169923365196617
1720374800,1093218546100466288
1720379945,1093218546100466288
1720385135,1093218546100466288
1720390325,1093218546100466288
1720395435,1093218546100466288
1720400580,1093296608579013059
1720405770,1093296608579013059
1720410890,1093334936637969654
1720416055,1093334936637969654
1720421175,1093372614248419465
1720426350,1093372614248419465
1720431475,1093372614248419465
1720436640,1093372614248419465
1720441830,1093436449596346778
1720446970,1093462694952667935
1720452075,1093462694952667935
1720457235,1093495673122253210
1720462380,1093508905177452959
1720467525,1093529211619183176
1720472700,1093537585925893018
1720477830,1093563794239566700
1720482960,1093563794239566700
1720488105,1093594994329188698
1720493245,1093594994329188698
1720498480,1093594994329188698
1720503590,1093642871138711631
1720508710,1093642871138711631
1720513860,1093642871138711631
1720518940,1093703597430059133
1720524100,1093703597430059133
1720529310,1093741510019867941
1720534435,1093756218471291965
1720539590,1093764691872939094
1720544740,1093785243316604492
1720549870,1093808834866607589
1720555025,1093808834866607589
1720560155,1093841048908997762
1720565295,1093849314744018530
1720570475,1093849314744018530
1720575635,1093891411090777805
1720580780,1093891411090777805
1720585940,1093891411090777805
1720591105,1093891411090777805
1720596220,1093891411090777805
1720601405,1093982255814710671
1720606600,1093982255814710671
1720611750,1094021638421253628
1720616965,1094021638421253628
1720622150,1094021638421253628
1720627315,1094021638421253628
1720632440,1094032261931455248
1720637630,1094058334187287505
1720642785,1094058334187287505
1720647900,1094083844081137171
1720653055,1094103706277447788
1720658205,1094103706277447788
1720663410,1094103706277447788
1720668610,1094103706277447788
1720673760,1094177772919092044
1720678915,1094177772919092044
1720684035,1094222611931682863
1720689130,1094222611931682863
1720694290,1094252387971180933
1720699475,1094280937571570890
1720704585,1094295359419806761
1720709770,1094307596261876334
1720714910,1094307596261876334
1720720085,1094354820880791176
1720725275,1094365519585947597
1720730390,1094391726875755296
1720735475,1094391726875755296
1720740580,1094391726875755296
1720745705,1094391726875755296
1720750835,1094391726875755296
1720756000,1094391726875755296
1720761115,1094391726875755296
1720766240,1094515238258433679
1720771390,1094515238258433679
1720776515,1094515238258433679
1720781640,1094574027429451781
1720786810,1094574027429451781
1720791955,1094596292892398552
1720797155,1094629657829880059
1720802340,1094646747004653351
1720807520,1094646747004653351
1720812630,1094680743408742939
1720817760,1094698238639447096
1720822855,1094698238639447096
1720827995,1094739158179455691
1720833155,1094759213406390356
1720838265,1094759213406390356
1720843370,1094759213406390356
1720848510,1094759213406390356
1720853585,1094759213406390356
1720858790,1094759213406390356
1720863890,1094759213406390356
1720869045,1094759213406390356
1720874205,1094759213406390356
1720879355,1094759213406390356
1720884530,1094941463116643364
1720889665,1094941463116643364
1720894860,1094941463116643364
1720899965,1094941463116643364
1720905100,1094955392433645944
1720910235,1094955392433645944
1720915345,1094955392433645944
1720920450,1094955392433645944
1720925575,1094955392433645944
1720930715,1094955392433645944
1720935850,1094955392433645944
1720941090,1094955392433645944
1720946280,1094955392433645944
1720951495,1094955392433645944
1720956580,1095132931018822170
1720961760,1095159797249521343
1720966920,1095159797249521343
1720972140,1095159797249521343
1720977295,1095207662491218712
1720982490,1095207662491218712
1720987730,1095239626309175351
1720992895,1095270326327465383
1720998040,1095279937399015484
1721003175,1095296101044676410
1721008285,1095319238335743300
1721013365,1095339009057548739
1721018520,1095339009057548739
1721023610,1095377197435612789
1721028785,1095377197435612789
1721033900,1095399195575525315
1721039040,1095399195575525315
1721044205,1095441419608659888
1721049360,1095441419608659888
1721054525,1095491206431226439
1721059655,1095498481497482347
1721064850,1095498481497482347
1721069965,1095498481497482347
1721075140,1095560988497882923
1721080295,1095568132598834969
1721085410,1095603473585664654
1721090545,1095615250089791516
1721095705,1095636636449274379
1721100915,1095636636449274379
1721106140,1095636636449274379
1721111375,1095636636449274379
1721116550,1095712980900165247
1721121705,1095712980900165247
1721126880,1095750533910304248
1721132005,1095755109335687840
1721137210,1095789849978278451
1721142380,1095808307035292572
1721147525,1095816626066754414
1721152710,1095842178776484353
1721157940,1095842178776484353
1721163210,1095877023641356746
1721168370,1095884652288216251
1721173575,1095884652288216251
1721178770,1095932661447076117
1721183935,1095941939027742062
1721189105,1095972194832548740
1721194270,1095972194832548740
1721199455,1095972194832548740
1721204620,1096022127038735991
1721209835,1096022127038735991
1721215000,1096052467927124054
1721220200,1096077816178347006
1721225430,1096095097430807868
1721230670,1096095097430807868
1721235915,1096130263100722399
1721241165,1096156999612252986
1721246405,1096156999612252986
1721251635,1096198914428767364
1721256880,1096198914428767364
1721262180,1096236292543457294
1721267435,1096236292543457294
1721272620,1096236292543457294
1721277840,1096276718851661189
1721283105,1096305236386938325
1721288260,1096305236386938325
1721293435,1096305236386938325
1721298620,1096305236386938325
1721303800,1096305236386938325
1721309040,1096392158745235538
1721314235,1096392158745235538
1721319460,1096436041875563484
1721324695,1096436041875563484
1721329865,1096469170844571852
1721335075,1096495383790129642
1721340235,1096495383790129642
1721345380,1096533420246644828
1721350570,1096533420246644828
1721355745,1096556342764817573
1721360950,1096573880216823586
1721366120,1096573880216823586
1721371260,1096573880216823586
1721376400,1096573880216823586
1721381605,1096656365513346981
1721386790,1096656365513346981
1721391995,1096697518768902538
1721397180,1096697518768902538
1721402410,1096735235656973415
1721407625,1096756033630584408
1721412825,1096756033630584408
1721418015,1096790583246488834
1721423240,1096804631114432746
1721428380,1096804631114432746
1721433575,1096804631114432746
1721438750,1096811227694206657
1721443985,1096811227694206657
1721449130,1096811227694206657
1721454310,1096811227694206657
1721459480,1096878441174310451
1721464670,1096900675628524830
1721469815,1096907854820021347
1721475050,1096907854820021347
1721480380,1096907854820021347
1721485625,1096907854820021347
1721490800,1096972259732577309
1721496020,1096972259732577309
1721501240,1097001614551889562
1721506405,1097001614551889562
1721511590,1097034103842756505
1721516760,1097034103842756505
1721521905,1097066613594607369
1721527110,1097066613594607369
1721532325,1097104245399290825
1721537455,1097104245399290825
1721542610,1097104245399290825
1721547815,1097104245399290825
1721553020,1097104245399290825
1721558205,1097167980715846163
1721563425,1097167980715846163
1721568640,1097167980715846163
1721573785,1097167980715846163
1721578975,1097167980715846163
1721584150,1097245822607967947
1721589310,1097259440384813008
1721594490,1097282055974313813
1721599700,1097282055974313813
1721604850,1097282055974313813
1721610065,1097282055974313813
1721615190,1097282055974313813
1721620355,1097282055974313813
1721625510,1097282055974313813
1721630665,1097282055974313813
1721635785,1097402240593099876
1721640970,1097427949785069532
1721646215,1097443404791005538
1721651450,1097443404791005538
1721656630,1097468871993533029
1721661810,1097468871993533029
1721666990,1097500716139195106
1721672125,1097510288000519472
1721677320,1097525909286517277
1721682445,1097549954324058507
1721687640,1097549954324058507
1721692835,1097569677328631232
1721697960,1097584570761668095
1721703095,1097604738131550814
1721708285,1097604738131550814
1721713465,1097604738131550814
1721718605,1097653556913384374
1721723715,1097661750842149313
1721728855,1097661750842149313
1721733995,1097698530540948310
1721739165,1097707221953415615
1721744270,1097707221953415615
1721749490,1097740459999107253
1721754610,1097766308122445829
1721759790,1097776523060256456
1721764970,1097795134175936523
1721770150,1097810624246479882
1721775330,1097810624246479882
1721780480,1097844663525068304
1721785610,1097844663525068304
1721790745,1097844663525068304
1721795955,1097844663525068304
1721801145,1097844663525068304
1721806295,1097844663525068304
1721811480,1097942082668584450
1721816650,1097949448024034652
1721821795,1097976602092161587
1721826960,1097989088348742660
1721832120,1098006379177713471
1721837245,1098006379177713471
1721842365,1098006379177713471
1721847570,1098055376579914587
1721852760,1098073060420635164
1721857875,1098078684028622746
1721862985,1098078684028622746
1721868145,1098078684028622746
1721873295,1098078684028622746
1721878490,1098151860405691486
1721883660,1098151860405691486
1721888835,1098151860405691486
1721894035,1098151860405691486
1721899160,1098207856676618329
1721904315,1098225880319962131
1721909435,1098225880319962131
1721914565,1098256728917559165
1721919730,1098256728917559165
1721924845,1098294090011821726
1721930015,1098294090011821726
1721935200,1098335116311035930
1721940325,1098335116311035930
1721945535,1098367478729291957
1721950710,1098367478729291957
1721955825,1098396956259916429
1721960990,1098402208835802128
1721966130,1098417695748157850
1721971290,1098439784553527378
1721976485,1098449518778888382
1721981705,1098449518778888382
1721986815,1098479371061924625
1721991995,1098479371061924625
1721997120,1098479371061924625
1722002285,1098529291328005096
1722007470,1098548642170324164
1722012660,1098548642170324164
1722017860,1098587522945964415
1722023005,1098587522945964415
1722028165,1098610194390129697
1722033250,1098633688626804626
1722038330,1098633688626804626
1722043525,1098633688626804626
1722048645,1098633688626804626
1722053775,1098633688626804626
1722058940,1098633688626804626
1722064070,1098728439098561134
1722069175,1098738621005265210
1722074480,1098758042313789480
1722079625,1098770824132281772
1722084800,1098770824132281772
1722089925,1098770824132281772
1722095075,1098821392980428221
1722100325,1098821392980428221
1722105525,1098821392980428221
1722110685,1098821392980428221
1722115910,1098821392980428221
1722121090,1098901163684566669
1722126215,1098920452121253379
1722131390,1098920452121253379
1722136625,1098946089570176948
1722141825,1098946089570176948
1722146970,1098946089570176948
1722152175,1098998085421814937
1722157340,1098998085421814937
1722162485,1098998085421814937
1722167650,1099035498931996986
1722172835,1099057836654542236
1722178025,1099057836654542236
1722183225,1099082153032687529
1722188370,1099082153032687529
1722193515,1099082153032687529
1722198685,1099137231776420288
1722203925,1099159675109091149
1722209205,1099159675109091149
1722214505,1099188393817799315
1722219780,1099200091888823886
1722225000,1099207272018129849
1722230240,1099207272018129849
1722235400,1099207272018129849
1722240600,1099254829795554669
1722245885,1099277982761131245
1722251080,1099286000705366890
1722256200,1099286000705366890
1722261410,1099312396537289119
1722266555,1099312396537289119
1722271690,1099347738951436563
1722276845,1099371219086847374
1722282000,1099385717989737912
1722287175,1099385717989737912
1722292300,1099408855312794461
1722297425,1099408855312794461
1722302560,1099408855312794461
1722307765,1099408855312794461
1722312935,1099408855312794461
1722318075,1099408855312794461
1722323245,1099507008253362704
1722328365,1099526123545337138
1722333510,1099541615266208587
1722338670,1099555828758586438
1722343850,1099555828758586438
1722348990,1099555828758586438
1722354145,1099603033497626137
1722359305,1099603033497626137
1722364450,1099603033497626137
1722369595,1099649481336435651
1722374740,1099649481336435651
1722379890,1099677037715035896
1722385050,1099677037715035896
1722390220,1099713352414542941
1722395385,1099713352414542941
1722400540,1099713352414542941
1722405640,1099713352414542941
1722410820,1099713352414542941
1722416055,1099713352414542941
1722421220,1099713352414542941
1722426430,1099713352414542941
1722431595,1099713352414542941
1722436725,1099713352414542941
1722441850,1099859667163945374
1722446955,1099877830795912509
1722452155,1099902287877893600
1722457255,1099902287877893600
1722462375,1099902287877893600
1722467510,1099902287877893600
1722472645,1099966373920408325
1722477880,1099968382958330175
1722483030,1099968382958330175
1722488160,1099983577611091319
1722493300,1099983577611091319
1722498450,1099983577611091319
1722503610,1100037238385927161
1722508810,1100051851847961228
1722513925,1100051851847961228
1722519100,1100051851847961228
1722524215,1100051851847961228
1722529385,1100051851847961228
1722534580,1100051851847961228
1722539785,1100148614030222237
1722544935,1100148614030222237
1722550075,1100148614030222237
1722555200,1100148614030222237
1722560335,1100148614030222237
1722565500,1100231249184648692
1722570630,1100231249184648692
1722575765,1100262313487177530
1722580910,1100281210562652036
1722586100,1100281210562652036
1722591280,1100301933785576002
1722596455,1100301933785576002
1722601600,1100301933785576002
1722606705,1100301933785576002
1722611830,1100366731813744103
1722616980,1100384348062220572
1722622125,1100407573476761737
1722627320,1100407573476761737
1722632495,1100407573476761737
1722637730,1100455401983311141
1722642885,1100455401983311141
1722648090,1100455401983311141
1722653260,1100502094133983523
1722658430,1100502094133983523
1722663540,1100502094133983523
1722668735,1100549015846150224
1722673975,1100573327429179406
1722679130,1100584741548024701
1722684310,1100602333103465749
1722689530,1100602333103465749
1722694705,1100602333103465749
1722699880,1100655098155140079
1722705020,1100663015431695906
1722710190,1100663015431695906
1722715380,1100663015431695906
1722720505,1100709061719971187
1722725655,1100727201957186993
1722730800,1100752302380300536
1722735960,1100752302380300536
1722741140,1100752302380300536
1722746265,1100752302380300536
1722751410,1100752302380300536
1722756650,1100752302380300536
1722761770,1100752302380300536
1722766985,1100752302380300536
1722772075,1100752302380300536
1722777250,1100752302380300536
1722782375,1100796209116777449
1722787640,1100796209116777449
1722792855,1100796209116777449
1722798070,1100847674833907661
1722803250,1100862039341105060
1722808360,1100862039341105060
1722813520,1100862039341105060
1722818655,1100862039341105060
1722823850,1100862039341105060
1722829045,1100932792887836293
1722834190,1100952108495895279
1722839360,1100973380816352737
1722844560,1100992445738179747
1722849750,1100992445738179747
1722854885,1100992445738179747
1722860055,1100992445738179747
1722865250,1100992445738179747
1722870435,1101076012403436227
1722875635,1101087239032307832
1722880825,1101107353479001253
1722885985,1101119085799679915
1722891110,1101119085799679915
1722896280,1101119085799679915
1722901450,1101119085799679915
1722906620,1101119085799679915
1722911825,1101207861048194362
1722917025,1101207861048194362
1722922215,1101233573741967424
1722927405,1101233573741967424
1722932625,1101271976443357113
1722937860,1101271976443357113
1722943065,1101271976443357113
1722948240,1101310401934101758
1722953430,1101323167492350913
1722958710,1101343265387258128
1722963940,1101371772500163751
1722969195,1101387248667158388
1722974405,1101387248667158388
1722979610,1101418240958367350
1722984785,1101425895630283903
1722990025,1101425895630283903
1722995175,1101464695946743869
1723000350,1101464695946743869
1723005580,1101493101095670273
1723010735,1101493101095670273
1723016000,1101522398794201004
1723021215,1101546857806547006
1723026400,1101557326078629904
1723031575,1101573967993450977
1723036850,1101573967993450977
1723042090,1101609451883474528
1723047290,1101609451883474528
1723052460,1101643064378008825
1723057580,1101643064378008825
1723062755,1101673131292637292
1723067930,1101673131292637292
1723073095,1101673131292637292
1723078310,1101735698385872762
1723083480,1101735698385872762
1723088680,1101771305156379353
1723093835,1101771305156379353
1723098990,1101807959977283081
1723104130,1101807959977283081
1723109425,1101843904775572521
1723114575,1101843904775572521
1723119795,1101878645867994039
1723125005,1101878645867994039
1723130155,1101878645867994039
1723135310,1101878645867994039
1723140495,1101944550761750702
1723145645,1101944550761750702
1723150830,1101982641804432780
1723156015,1101989358368499991
1723161185,1102011460238719614
1723166415,1102025214269055711
1723171600,1102052454261373902
1723176745,1102052454261373902
1723181925,1102052454261373902
1723187065,1102052454261373902
1723192200,1102052454261373902
1723197410,1102052454261373902
1723202590,1102151167274711817
1723207785,1102174425775958398
1723212960,1102183222788326154
1723218125,1102193425822931386
1723223300,1102224462539045771
1723228550,1102224462539045771
1723233765,1102224462539045771
1723238950,1102275748899025448
1723244120,1102289727273565108
1723249310,1102289727273565108
1723254440,1102289727273565108
1723259625,1102289727273565108
1723264790,1102345698877983083
1723269995,1102345698877983083
1723275145,1102345698877983083
1723280300,1102345698877983083
1723285520,1102428282944845874
1723290700,1102445505779674556
1723295865,1102445505779674556
1723301090,1102476831259970909
1723306255,1102476831259970909
1723311440,1102476831259970909
1723316605,1102478829012935229
1723321815,1102495376990253097
1723327020,1102495376990253097
1723332205,1102495376990253097
1723337375,1102495376990253097
1723342560,1102495376990253097
1723347675,1102495376990253097
1723352860,1102495376990253097
1723358030,1102495376990253097
1723363270,1102495376990253097
1723368485,1102495376990253097
1723373655,1102495376990253097
1723378770,1102495376990253097
1723383965,1102495376990253097
1723389190,1102703858497971581
1723394405,1102718415747329562
1723399525,1102718415747329562
1723404705,1102739818870634548
1723409880,1102739818870634548
1723415030,1102780887229378099
1723420185,1102788838084172262
1723425335,1102797184228507442
1723430500,1102797184228507442
1723435645,1102797184228507442
1723440865,1102848278952585697
1723446070,1102848278952585697
1723451320,1102848278952585697
1723456520,1102848278952585697
1723461745,1102848278952585697
1723466915,1102925780831242992
1723472055,1102925780831242992
1723477205,1102953713281076041
1723482365,1102953713281076041
1723487580,1102989284135961355
1723492750,1102989284135961355
1723497895,1103022843928032707
1723503055,1103022843928032707
1723508195,1103044622178245721
1723513395,1103060242508373734
1723518570,1103060242508373734
1723523785,1103060242508373734
1723528950,1103060242508373734
1723534140,1103060242508373734
1723539320,1103060242508373734
1723544490,1103060242508373734
1723549665,1103060242508373734
1723554905,1103183802544416960
1723560115,1103190315807473843
1723565280,1103212838842772910
1723570515,1103212838842772910
1723575725,1103236432233142810
1723580935,1103236432233142810
1723586095,1103236432233142810
1723591280,1103236432233142810
1723596450,1103300647630991883
1723601610,1103300647630991883
1723606810,1103300647630991883
1723612025,1103300647630991883
1723617240,1103300647630991883
1723622415,1103384339585556247
1723627605,1103391862312764432
1723632750,1103391862312764432
1723637985,1103391862312764432
1723643490,1103391862312764432
1723648905,1103452789800639171
1723654280,1103452789800639171
1723659610,1103452789800639171
1723664955,1103517770422235184
1723670270,1103517770422235184
1723675560,1103540934332353726
1723680915,1103540934332353726
1723686270,1103571158526286929
1723691520,1103593160810681027
1723696820,1103593160810681027
1723702185,1103593160810681027
1723707525,1103642593258161154
1723712825,1103642593258161154
1723718095,1103642593258161154
1723723390,1103642593258161154
1723728680,1103715923552176721
1723733970,1103732173435716642
1723739235,1103732173435716642
1723744515,1103732173435716642
1723749895,1103768438670839798
1723755295,1103789136769626272
1723760630,1103789136769626272
1723765970,1103789136769626272
1723771290,1103850321854068630
1723776595,1103850321854068630
1723781875,1103850321854068630
1723787165,1103850321854068630
1723792475,1103916959460311220
1723797780,1103920056696090997
1723803030,1103935052995782506
1723808305,1103935052995782506
1723813605,1103935052995782506
1723818890,1103935052995782506
1723824105,1104013614253734232
1723829400,1104013614253734232
1723834630,1104013614253734232
1723839855,1104013614253734232
1723845135,1104048185258570429
1723850345,1104048185258570429
1723855535,1104073526639326491
1723860810,1104094151561279731
1723866080,1104094151561279731
1723871310,1104094151561279731
1723876525,1104094151561279731
1723881820,1104094151561279731
1723887095,1104094151561279731
1723892420,1104094151561279731
1723897645,1104189426540267657
1723902905,1104189426540267657
1723908170,1104189426540267657
1723913460,1104241374920499639
1723918785,1104260809726995618
1723924100,1104260809726995618
1723929400,1104288275169034242
1723934695,1104288275169034242
1723939930,1104288275169034242
1723945175,1104336212788635997
1723950465,1104336212788635997
1723955715,1104336212788635997
1723960960,1104336212788635997
1723966165,1104336212788635997
1723971430,1104336212788635997
1723976630,1104336212788635997
1723981790,1104436736813833486
1723987035,1104436736813833486
1723992285,1104436736813833486
1723997510,1104481544184120921
1724002775,1104481544184120921
1724007990,1104481544184120921
1724013225,1104532677487398143
1724018445,1104532677487398143
1724023605,1104532677487398143
1724028825,1104576295674256808
1724034020,1104593347145048222
1724039260,1104593347145048222
1724044445,1104593347145048222
1724049655,1104640530099302727
1724054860,1104640530099302727
1724060025,1104640530099302727
1724065190,1104640530099302727
1724070365,1104697928121481672
1724075565,1104697928121481672
1724080830,1104697928121481672
1724086045,1104744838555774193
1724091265,1104758985585540650
1724096470,1104758985585540650
1724101750,1104758985585540650
1724106965,1104799475801077949
1724112250,1104799475801077949
1724117460,1104799475801077949
1724122710,1104843191865862387
1724127950,1104843191865862387
1724133215,1104843191865862387
1724138460,1104843191865862387
1724143650,1104898247331504498
1724148855,1104898247331504498
1724154115,1104898247331504498
1724159300,1104941720568707819
1724164545,1104941720568707819
1724169725,1104941720568707819
1724174970,1104941720568707819
1724180205,1104993905202870271
1724185420,1105010444972487857
1724190590,1105010444972487857
1724195745,1105030888331645237
1724200915,1105030888331645237
1724206125,1105030888331645237
1724211320,1105030888331645237
1724216445,1105030888331645237
1724221650,1105030888331645237
1724226800,1105030888331645237
1724231995,1105137796713365557
1724237260,1105137796713365557
1724242455,1105164879663899113
1724247675,1105179802593453058
1724252950,1105179802593453058
1724258145,1105210506732481833
1724263305,1105210506732481833
1724268520,1105210506732481833
1724273730,1105210506732481833
1724278940,1105210506732481833
1724284180,1105277923112101945
1724289365,1105277923112101945
1724294635,1105306058417912701
1724299810,1105306058417912701
1724304975,1105306058417912701
1724310195,1105350136604440652
1724315460,1105350136604440652
1724320660,1105350136604440652
1724325820,1105350136604440652
1724331000,1105404741642147825
1724336240,1105419513028369025
1724341440,1105419513028369025
1724346710,1105419513028369025
1724351875,1105419513028369025
1724357030,1105419513028369025
1724362240,1105419513028369025
1724367440,1105496105756280551
1724372635,1105496105756280551
1724377815,1105525979495197832
1724383025,1105525979495197832
1724388210,1105525979495197832
1724393455,1105525979495197832
1724398680,1105525979495197832
1724403885,1105594830016517097
1724409080,1105609055844529875
1724414325,1105609055844529875
1724419505,1105609055844529875
1724424720,1105609055844529875
1724429905,1105609055844529875
1724434995,1105676417767363441
1724440185,1105677532903176810
1724445305,1105677532903176810
1724450445,1105677532903176810
1724455560,1105719498300975674
1724460680,1105719498300975674
1724465790,1105719498300975674
1724470985,1105719498300975674
1724476120,1105719498300975674
1724481255,1105719498300975674
1724486365,1105803781228088789
1724491485,1105803781228088789
1724496615,1105803781228088789
1724501805,1105803781228088789
1724506910,1105803781228088789
1724512070,1105863009474029553
1724517285,1105886205619948944
1724522430,1105886205619948944
1724527575,1105911632746861568
1724532740,1105927780722041624
1724537955,1105927780722041624
1724543070,1105927780722041624
1724548210,1105927780722041624
1724553340,1105976909899570289
1724558555,1105995636488081652
1724563725,1105995636488081652
1724568865,1106019201470176085
1724574015,1106023566108438911
1724579185,1106036894409476122
1724584395,1106036894409476122
1724589550,1106036894409476122
1724594710,1106086868520519333
1724599875,1106101019807602090
1724604985,1106101019807602090
1724610125,1106125276659097183
1724615245,1106125276659097183
1724620420,1106153128054790492
1724625570,1106153128054790492
1724630695,1106153128054790492
1724635860,1106153128054790492
1724641075,1106153128054790492
1724646235,1106153128054790492
1724651380,1106168691632372355
1724656505,1106187762384785423
1724661650,1106187762384785423
1724666855,1106187762384785423
1724672000,1106187762384785423
1724677195,1106187762384785423
1724682370,1106255894681065483
1724687515,1106255894681065483
1724692655,1106255894681065483
1724697775,1106255894681065483
1724702895,1106302278743491935
1724708030,1106322861849330617
1724713130,1106322861849330617
1724718320,1106322861849330617
1724723500,1106322861849330617
1724728630,1106322861849330617
1724733795,1106322861849330617
1724738915,1106322861849330617
1724744035,1106411843014841365
1724749170,1106411843014841365
1724754350,1106411843014841365
1724759525,1106462554504366049
1724764645,1106462554504366049
1724769810,1106489297203000579
1724774975,1106489297203000579
1724780110,1106489297203000579
1724785235,1106489297203000579
1724790395,1106546768061766430
1724795570,1106546768061766430
1724800700,1106546768061766430
1724805865,1106579478579325938
1724810995,1106579478579325938
1724816145,1106579478579325938
1724821310,1106579478579325938
1724826460,1106579478579325938
1724831615,1106658946403883822
1724836770,1106675144511295756
1724841920,1106675144511295756
1724847100,1106675144511295756
1724852280,1106675144511295756
1724857465,1106675144511295756
1724862570,1106748103103232343
1724867740,1106761765744186169
1724872880,1106761765744186169
1724877980,1106761765744186169
1724883155,1106795685288758885
1724888310,1106795685288758885
1724893410,1106795685288758885
1724898515,1106795685288758885
1724903670,1106853528921483083
1724908830,1106853528921483083
1724914045,1106873653419896631
1724919215,1106873653419896631
1724924355,1106894256089082192
1724929500,1106913612358447723
1724934755,1106913612358447723
1724940040,1106913612358447723
1724945270,1106913612358447723
1724950560,1106983978955293079
1724955865,1106983978955293079
1724961195,1107002572315919817
1724966455,1107022688393647251
1724971750,1107022688393647251
1724976995,1107059889736779733
1724982285,1107059889736779733
1724987570,1107059889736779733
1724992815,1107059889736779733
1724998035,1107059889736779733
1725003245,1107059889736779733
1725008405,1107152808472489527
1725013615,1107171698052295569
1725018770,1107171698052295569
1725023940,1107206019824748753
1725029130,1107211819828897599
1725034290,1107227811726836663
1725039485,1107239358438589522
1725044635,1107260007715506834
1725049820,1107260007715506834
1725055005,1107295911098874171
1725060205,1107295911098874171
1725065340,1107327700921784723
1725070485,1107327700921784723
1725075675,1107327700921784723
1725080850,1107327700921784723
1725086050,1107327700921784723
1725091240,1107405880446005671
1725096380,1107418793878301610
1725101505,1107418793878301610
1725106690,1107449755634506203
1725111895,1107458736554198749
1725117090,1107483657443743249
1725122250,1107489676104088462
1725127435,1107489676104088462
1725132680,1107489676104088462
1725137800,1107489676104088462
1725142970,1107560671423041972
1725148085,1107573027586046536
1725153330,1107573027586046536
1725158495,1107573027586046536
1725163715,1107573027586046536
1725168895,1107633917956089029
1725174060,1107646817707860775
1725179200,1107646817707860775
1725184395,1107646817707860775
1725189510,1107646817707860775
1725194645,1107646817707860775
1725199770,1107649036989670286
1725204925,1107654110205868606
1725210115,1107654110205868606
1725215275,1107683443615761262
1725220380,1107683443615761262
1725225490,1107683443615761262
1725230635,1107732370124770966
1725235790,1107740018642008921
1725240955,1107756051690577362
1725246105,1107774181821657615
1725251240,1107779338491816465
1725256395,1107798108532982000
1725261470,1107798108532982000
1725266590,1107798108532982000
1725271755,1107798108532982000
1725276940,1107860818829005266
1725282080,1107860818829005266
1725287195,1107888890078625227
1725292395,1107892606225502399
1725297580,1107904041585706863
1725302720,1107923448735499965
1725307845,1107923448735499965
1725312995,1107923448735499965
1725318180,1107960306996681947
1725323315,1107960306996681947
1725328440,1107960306996681947
1725333605,1107960306996681947
1725338785,1107960306996681947
1725343855,1107960306996681947
1725348995,1107960306996681947
1725354110,1107960306996681947
1725359300,1108082305485989442
1725364465,1108093736283984918
1725369605,1108108796325746926
1725374755,1108108796325746926
1725379915,1108137911619884451
1725385095,1108137911619884451
1725390250,1108154589170162519
1725395345,1108154589170162519
1725400430,1108192538040495343
1725405600,1108192538040495343
1725410730,1108192538040495343
1725415850,1108192538040495343
1725421000,1108192538040495343
1725426090,1108192538040495343
1725431260,1108192538040495343
1725436360,1108192538040495343
1725441510,1108306432737429057
1725446675,1108313961306114692
1725451820,1108313961306114692
1725457000,1108313961306114692
1725462195,1108354015859747992
1725467400,1108354015859747992
1725472575,1108354015859747992
1725477745,1108398203191030703
1725482880,1108398203191030703
1725488040,1108398203191030703
1725493170,1108398203191030703
1725498350,1108466962336123003
1725503515,1108474255965913907
1725508605,1108474255965913907
1725513735,1108508494449690264
1725518850,1108508494449690264
1725524045,1108508494449690264
1725529200,1108559018538803984
1725534375,1108572084956448466
1725539535,1108572084956448466
1725544725,1108572084956448466
1725549890,1108616465052295494
1725555060,1108616465052295494
1725560155,1108616465052295494
1725565285,1108665345846895867
1725570460,1108665345846895867
1725575605,1108696098201768658
1725580725,1108696098201768658
1725586020,1108696098201768658
1725591265,1108728147181199470
1725596365,1108728147181199470
1725601555,1108728147181199470
1725606685,1108728147181199470
1725611805,1108799132975127555
1725616930,1108799132975127555
1725622100,1108830540062208740
1725627225,1108842628386416872
1725632355,1108863786825674289
1725637470,1108869901184285487
1725642575,1108893185325540577
1725647745,1108893185325540577
1725652835,1108923516671574726
1725657970,1108923516671574726
1725663160,1108923516671574726
1725668315,1108966239091753905
1725673440,1108977542267231195
1725678520,1108993133163398678
1725683610,1109005214385525380
1725688720,1109005214385525380
1725693835,1109005214385525380
1725698940,1109005214385525380
1725704065,1109005214385525380
1725709215,1109089889384155390
1725714320,1109089889384155390
1725719410,1109120106413805475
1725724550,1109120106413805475
1725729675,1109123394311365506
1725734810,1109124310477169524
1725739935,1109124310477169524
1725745095,1109162287923061279
1725750190,1109174556633503662
1725755295,1109174556633503662
1725760365,1109174556633503662
1725765495,1109207285477279595
1725770610,1109207285477279595
1725775715,1109207285477279595
1725780860,1109207285477279595
1725786025,1109207285477279595
1725791190,1109207285477279595
1725796330,1109207285477279595
1725801445,1109207285477279595
1725806540,1109323285933698033
1725811655,1109323285933698033
1725816800,1109323285933698033
1725821890,1109323285933698033
1725827015,1109323285933698033
1725832100,1109395804942488991
1725837205,1109409939738947340
1725842375,1109427010448276700
1725847505,1109432336485760300
1725852605,1109451559094830071
1725857785,1109451559094830071
1725862890,1109451559094830071
1725868055,1109451559094830071
1725873170,1109451559094830071
1725878265,1109513164994987415
1725883375,1109535586468703609
1725888455,1109535586468703609
1725893540,1109535586468703609
1725898645,1109568490307157489
1725903780,1109568490307157489
1725908920,1109568490307157489
1725914020,1109568490307157489
1725919130,1109620288999983610
1725924290,1109634820960736171
1725929385,1109634820960736171
1725934470,1109670555929424033
1725939570,1109678870977697630
1725944725,1109694978481265910
1725949870,1109694978481265910
1725955020,1109694978481265910
1725960125,1109740362363706975
1725965265,1109740362363706975
1725970385,1109759356825740383
1725975475,1109759356825740383
1725980545,1109759356825740383
1725985700,1109802211951546587
1725990780,1109818777388830771
1725995915,1109820660146875767
1726001015,1109820660146875767
1726006145,1109820660146875767
1726011415,1109820660146875767
1726016710,1109877430974152531
1726021820,1109884489587913463
1726026935,1109884489587913463
1726032085,1109884489587913463
1726037165,1109884489587913463
1726042295,1109944286200330822
1726047395,1109957861679128573
1726052520,1109968962393888351
1726057680,1109968962393888351
1726062850,1109968962393888351
1726068055,1110011252702469344
1726073210,1110011252702469344
1726078350,1110011252702469344
1726083500,1110011252702469344
1726088560,1110011252702469344
1726093670,1110087028610952307
1726098805,1110092708501436729
1726103915,1110113999619353674
1726109035,1110113999619353674
1726114215,1110113999619353674
1726119340,1110113999619353674
1726124435,1110113999619353674
1726129545,1110113999619353674
1726134640,1110192907147146688
1726139765,1110192907147146688
1726144885,1110217933023433834
1726150040,1110236224763816182
1726155240,1110251987213461156
1726160370,1110261837377751054
1726165455,1110279952772031677
1726170575,1110293455137040723
1726175690,1110293455137040723
1726180775,1110293455137040723
1726185865,1110293455137040723
1726191005,1110341300824504102
1726196140,1110341300824504102
1726201255,1110341300824504102
1726206330,1110341300824504102
1726211495,1110403579810308293
1726216625,1110423186839366224
1726221755,1110425960681019253
1726226875,1110449719469915952
1726231980,1110453313319083656
1726237145,1110472453585306441
1726242315,1110472453585306441
1726247425,1110500884086013052
1726252540,1110500884086013052
1726257660,1110520480163210420
1726262790,1110520480163210420
1726267895,1110534439243556070
1726273095,1110534439243556070
1726278265,1110553220292151214
1726283460,1110553220292151214
1726288540,1110553220292151214
1726293645,1110553220292151214
1726298720,1110618552321514531
1726303815,1110618552321514531
1726308895,1110618552321514531
1726313980,1110618552321514531
1726319140,1110618552321514531
1726324270,1110674100533358422
1726329380,1110694975250291678
1726334495,1110694975250291678
1726339635,1110716133706376369
1726344800,1110736683440838585
1726349965,1110753736458213655
1726355085,1110753736458213655
1726360255,1110753736458213655
1726365390,1110793173231213171
1726370520,1110793173231213171
1726375650,1110793173231213171
1726380760,1110793173231213171
1726385890,1110793173231213171
1726391050,1110793173231213171
1726396165,1110793173231213171
1726401270,1110793173231213171
1726406360,1110891049853324873
1726411480,1110905151778637525
1726416600,1110905151778637525
1726421680,1110943655902332941
1726426750,1110956620440463330
1726431920,1110956620440463330
1726437065,1110978193716464006
1726442180,1110978193716464006
1726447355,1111007675804930065
1726452475,1111007675804930065
1726457570,1111007675804930065
1726462685,1111007675804930065
1726467800,1111007675804930065
1726472925,1111075998231853871
1726478115,1111086673794887629
1726483250,1111086673794887629
1726488320,1111086673794887629
1726493415,1111086673794887629
1726498550,1111086673794887629
1726503640,1111159674645148336
1726508770,1111159674645148336
1726513930,1111159674645148336
1726519065,1111196475998302762
1726524220,1111196475998302762
1726529375,1111196475998302762
1726534510,1111196475998302762
1726539605,1111196475998302762
1726544730,1111209740897432790
1726549875,1111229896125190760
1726554970,1111229896125190760
1726560080,1111256124217240959
1726565230,1111270577635315426
1726570360,1111282888305275115
1726575440,1111282888305275115
1726580530,1111282888305275115
1726585715,1111282888305275115
1726590910,1111333708021252815
1726596025,1111333708021252815
1726601170,1111333708021252815
1726606310,1111333708021252815
1726611410,1111333708021252815
1726616500,1111408596785424634
1726621630,1111416218922319733
1726626730,1111432177494888497
1726631860,1111432177494888497
1726637040,1111462470225349597
1726642175,1111462470225349597
1726647325,1111462470225349597
1726652475,1111462470225349597
1726657660,1111520382404780662
1726662785,1111520382404780662
1726667945,1111554334428392246
1726673105,1111554334428392246
1726678290,1111554334428392246
1726683455,1111588816251517165
1726688615,1111588816251517165
1726693745,1111626556264018819
1726698865,1111626556264018819
1726704020,1111626556264018819
1726709170,1111663188452342539
1726714290,1111680557137075471
1726719455,1111680557137075471
1726724580,1111680557137075471
1726729765,1111680557137075471
1726734890,1111728782243912542
1726740010,1111752054670749788
1726745160,1111770201650481312
1726750310,1111770201650481312
1726755425,1111770201650481312
1726760570,1111813578402899391
1726765755,1111822004411807055
1726770880,1111839839896990404
1726776005,1111846925300446353
1726781125,1111846925300446353
1726786245,1111879524073738362
1726791380,1111879524073738362
1726796520,1111879524073738362
1726801635,1111879524073738362
1726806755,1111879524073738362
1726811955,1111927399852098598
1726817080,1111927399852098598
1726822220,1111927399852098598
1726827350,1111958817158832862
1726832495,1111958817158832862
1726837575,1111997539178528187
1726842800,1111997539178528187
1726848135,1112028312515773834
1726853365,1112034820329633105
1726858460,1112060462776736392
1726863580,1112060462776736392
1726868700,1112060462776736392
1726873775,1112106157368703010
1726878890,1112106157368703010
1726884020,1112106157368703010
1726889100,1112106157368703010
1726894220,1112106157368703010
1726899330,1112106157368703010
1726904450,1112106157368703010
1726909570,1112106157368703010
1726914680,1112106157368703010
1726919815,1112238141878205629
1726924925,1112248325487625709
1726930050,1112248325487625709
1726935240,1112248325487625709
1726940395,1112293751195732642
1726945485,1112305931375519197
1726950610,1112315713693483141
1726955705,1112315713693483141
1726960795,1112315713693483141
1726965890,1112315713693483141
1726971005,1112383797583529266
1726976135,1112391750431845524
1726981240,1112415044805874418
1726986320,1112426315610720340
1726991490,1112432131366812825
1726996620,1112432131366812825
1727001730,1112432131366812825
1727006860,1112432131366812825
1727011960,1112432131366812825
1727017110,1112432131366812825
1727022255,1112432131366812825
1727027355,1112544370426769320
1727032470,1112544370426769320
1727037590,1112577135532092361
1727042710,1112586875249966177
1727047805,1112586875249966177
1727052965,1112586875249966177
1727058125,1112586875249966177
1727063220,1112649135940262619
1727068330,1112649135940262619
1727073410,1112677072137468771
1727078525,1112690849734297135
1727083690,1112706456851575491
1727088835,1112719008350155560
1727093970,1112719008350155560
1727099095,1112742082070750194
1727104240,1112742082070750194
1727109500,1112776350666041021
1727114595,1112788792202696459
1727119685,1112802165523622277
1727124840,1112818579739820751
1727129970,1112818579739820751
1727135100,1112818579739820751
1727140215,1112818579739820751
1727145350,1112818579739820751
1727150450,1112818579739820751
1727155585,1112818579739820751
1727160715,1112910859202393618
1727165810,1112930626938232709
1727170945,1112930626938232709
1727176155,1112956762290775091
1727181310,1112970028223533688
1727186470,1112985645668056054
1727191600,1113003803015076464
1727196770,1113009281032009311
1727201915,1113031136560650290
1727207030,1113031136560650290
1727212125,1113056374189387157
1727217245,1113070425339550123
1727222380,1113082984428429361
1727227500,1113105598546378838
1727232560,1113105598546378838
1727237660,1113105598546378838
1727242745,1113140542147167142
1727247895,1113140542147167142
1727253025,1113162256307947382
1727258170,1113179891269207019
1727263315,1113196811441707005
1727268455,1113217755809915882
1727273570,1113222947206605573
1727278730,1113241048314814245
1727283880,1113260312763713361
1727289015,1113263698687927829
1727294195,1113276348136615956
1727299325,1113301873112782453
1727304530,1113306266061880720
1727309670,1113328790166167955
1727314755,1113328790166167955
1727319855,1113328790166167955
1727324980,1113328790166167955
1727330140,1113328790166167955
1727335250,1113328790166167955
1727340415,1113328790166167955
1727345610,1113395471202998428
1727350805,1113414737499431763
1727355935,1113429662168188562
1727361085,1113436999437782693
1727366230,1113436999437782693
1727371410,1113463700722999493
1727376535,1113463700722999493
1727381670,1113496185027523292
1727386830,1113496185027523292
1727392005,1113518760625969368
1727397130,1113534345346181172
1727402355,1113534345346181172
1727407840,1113566182674735053
1727413140,1113566182674735053
1727418330,1113566182674735053
1727423490,1113605415948972292
1727428700,1113617767038813036
1727433890,1113634711375080632
1727439085,1113646608841679869
1727444240,1113652981862249381
1727449380,1113652981862249381
1727454530,1113691187892165609
1727459685,1113701813258588985
1727464880,1113701813258588985
1727470020,1113728786924476451
1727475150,1113728786924476451
1727480330,1113728786924476451
1727485485,1113728786924476451
1727490670,1113728786924476451
1727495820,1113794933561588955
1727500900,1113794933561588955
1727506070,1113794933561588955
1727511235,1113830616739469617
1727516405,1113830616739469617
1727521520,1113830616739469617
1727526690,1113883422599964185
1727531770,1113890216227278162
1727536905,1113890216227278162
1727542095,1113890216227278162
1727547290,1113931305522815317
1727552460,1113931305522815317
1727557590,1113931305522815317
1727562715,1113977157301453410
1727567820,1113977157301453410
1727572995,1113977157301453410
1727578160,1113977157301453410
1727583265,1113977157301453410
1727588415,1114036778933926783
1727593565,1114036778933926783
1727598710,1114036778933926783
1727603860,1114036778933926783
1727608985,1114036778933926783
1727614075,1114082967614271161
1727619225,1114082967614271161
1727624405,1114117158558861762
1727629585,1114117158558861762
1727634760,1114150492138300557
1727639910,1114150492138300557
1727645085,1114150492138300557
1727650225,1114189184473761620
1727655330,1114189184473761620
1727660485,1114189184473761620
1727665625,1114230297811534588
1727670785,1114230297811534588
1727675930,1114230297811534588
1727681000,1114230297811534588
1727686140,1114293256900016566
1727691255,1114293256900016566
1727696405,1114293256900016566
1727701570,1114336460656885401
1727706685,1114354333770691806
1727711795,1114354333770691806
1727716920,1114378926274933182
1727722055,1114396194367164841
1727727180,1114404401285167288
1727732305,1114423297347918638
1727737380,1114423297347918638
1727742495,1114423297347918638
1727747600,1114466560380561904
1727752770,1114466560380561904
1727757900,1114466560380561904
1727763040,1114466560380561904
1727768160,1114526900262685582
1727773320,1114534830453490954
1727778455,1114534830453490954
1727783620,1114534830453490954
1727788795,1114582816909512076
1727793935,1114594856745739024
1727799060,1114594856745739024
1727804180,1114620811939615840
1727809260,1114620811939615840
1727814425,1114655637870109696
1727819565,1114659407185285880
1727824730,1114672910441557998
1727829915,1114672910441557998
1727835070,1114672910441557998
1727840215,1114719637489064791
1727845380,1114738407139281389
1727850540,1114738407139281389
1727855645,1114738407139281389
1727860780,1114772712523490530
1727865890,1114794362922510817
1727871045,1114806073471330949
1727876165,1114806073471330949
1727881300,1114837100675870866
1727886405,1114854711706659435
1727891560,1114865132774625771
1727896655,1114881298529839843
1727901780,1114897228704061086
1727906875,1114907407604143342
1727911995,1114907407604143342
1727917140,1114907407604143342
1727922210,1114953300557163476
1727927340,1114953300557163476
1727932495,1114953300557163476
1727937575,1114953300557163476
1727942745,1115010938554996903
1727947845,1115023595488274347
1727953035,1115035501369617389
1727958190,1115042772405883560
1727963280,1115042772405883560
1727968435,1115080459597654221
1727973535,1115095740518255663
1727978650,1115098164235935801
1727983760,1115098164235935801
1727988920,1115138440112674981
1727994085,1115138440112674981
1727999220,1115138440112674981
1728004340,1115138440112674981
1728009455,1115138440112674981
1728014565,1115138440112674981
1728019715,1115138440112674981
1728024855,1115237802132297498
1728030005,1115251680577611851
1728035205,1115251680577611851
1728040350,1115251680577611851
1728045460,1115251680577611851
1728050565,1115307921356201280
1728055680,1115316623052014675
1728060815,1115316623052014675
1728066010,1115344273510552752
1728071180,1115359885955478264
1728076375,1115374814460349230
1728081515,1115374814460349230
1728086665,1115399625646082141
1728091785,1115399625646082141
1728096900,1115399625646082141
1728102065,1115399625646082141
1728107235,1115399625646082141
1728112405,1115399625646082141
1728117585,1115399625646082141
1728122830,1115510624360833169
1728127945,1115510624360833169
1728133110,1115510624360833169
1728138270,1115527204350392036
1728143355,1115547595318453537
1728148595,1115552739672481558
1728153840,1115568348942210064
1728159015,1115587673168901112
1728164200,1115608239675747943
1728169325,1115608239675747943
1728174430,1115625258355926088
1728179540,1115625258355926088
1728184670,1115625258355926088
1728189825,1115625258355926088
1728194995,1115625258355926088
1728200210,1115695116904508014
1728205400,1115713822007718754
1728210530,1115713822007718754
1728215680,1115744781014215089
1728220805,1115744781014215089
1728225945,1115771868592648260
1728231095,1115784292130142043
1728236210,1115799278311015221
1728241395,1115805370349142521
1728246625,1115824822321208093
1728251720,1115824822321208093
1728256880,1115824822321208093
1728262000,1115824822321208093
1728267135,1115824822321208093
1728272285,1115824822321208093
1728277440,1115824822321208093
1728282625,1115918547042581978
1728287735,1115929082526128353
1728292850,1115929082526128353
1728297950,1115951081278494246
1728303080,1115951081278494246
1728308190,1115981868084833410
1728313330,1116001762485159634
1728318485,1116006541282899402
1728323680,1116019653040193403
1728328830,1116032301253977249
1728333980,1116032301253977249
1728339150,1116032301253977249
1728344320,1116073325842746236
1728349455,1116093803118746832
1728354610,1116093803118746832
1728359735,1116093803118746832
1728364855,1116125934550687594
1728370040,1116150277726537227
1728375195,1116164604596358011
1728380330,1116177966671934560
1728385495,1116191635930351002
1728390645,1116196289076562069
1728395845,1116214169424729469
1728400950,1116234183426873614
1728406095,1116234683420615488
1728411295,1116234683420615488
1728416390,1116267206374605866
1728421505,1116285900454565222
1728426640,1116298320510201705
1728431735,1116298320510201705
1728436905,1116316090891223634
1728442045,1116316090891223634
1728447270,1116316090891223634
1728452410,1116316090891223634
1728457565,1116382603891174329
1728462690,1116382603891174329
1728467785,1116407148155336256
1728472940,1116407148155336256
1728478080,1116428611811395656
1728483210,1116450533506181458
1728488375,1116457991330569036
1728493520,1116475982178840637
1728498680,1116485678074556080
1728503845,1116485678074556080
1728509035,1116509605640607286
1728514180,1116521134355193240
1728519385,1116521134355193240
1728524550,1116552747847419595
1728529670,1116568560467201183
1728534850,1116568560467201183
1728540160,1116599456654378080
1728545285,1116599456654378080
1728550440,1116624377422273154
1728555590,1116639039982367372
1728560845,1116639039982367372
1728566060,1116665064098794067
1728571215,1116665064098794067
1728576375,1116690315838666496
1728581510,1116695835929375916
1728586610,1116711668240130526
1728591715,1116731811252530539
1728596855,1116731811252530539
1728601970,1116731811252530539
1728607085,1116731811252530539
1728612230,1116785010038291477
1728617390,1116785010038291477
1728622520,1116785010038291477
1728627640,1116828969566261834
1728632810,1116840886731053188
1728637940,1116840886731053188
1728643065,1116862839182730603
1728648255,1116862839182730603
1728653460,1116890642545918180
1728658540,1116890642545918180
1728663615,1116894787481808471
1728668690,1116894787481808471
1728673790,1116924487719490453
1728678905,1116924487719490453
1728684000,1116949952527094909
1728689110,1116949952527094909
1728694230,1116949952527094909
1728699325,1116949952527094909
1728704445,1116949952527094909
1728709595,1116949952527094909
1728714705,1117025185287884052
1728719855,1117025185287884052
1728724945,1117025185287884052
1728730130,1117025185287884052
1728735370,1117025185287884052
1728740540,1117083545689891258
1728745675,1117083545689891258
1728750795,1117083545689891258
1728755970,1117114275212292550
1728761135,1117129742955645873
1728766210,1117129742955645873
1728771300,1117129742955645873
1728776450,1117129742955645873
1728781580,1117129742955645873
1728786680,1117129742955645873
1728791775,1117129742955645873
1728796925,1117129742955645873
1728802040,1117129742955645873
1728807155,1117248556849096673
1728812265,1117248556849096673
1728817435,1117248556849096673
1728822530,1117248556849096673
1728827685,1117248556849096673
1728832755,1117311156164991527
1728837895,1117322134747817440
1728842995,1117322134747817440
1728848190,1117341325669932566
1728853360,1117350188860529884
1728858505,1117350188860529884
1728863630,1117350188860529884
1728868765,1117350188860529884
1728873885,1117350188860529884
1728878965,1117350188860529884
1728884075,1117350188860529884
1728889215,1117350188860529884
1728894370,1117350188860529884
1728899460,1117471553196388333
1728904640,1117484188487222088
1728909800,1117491232786828738
1728914945,1117506125883947544
1728920025,1117515994548940329
1728925150,1117531319565621381
1728930265,1117543971277288294
1728935375,1117543971277288294
1728940545,1117567708391756986
1728945700,1117581489609852722
1728950850,1117581489609852722
1728956060,1117598990348859336
1728961155,1117598990348859336
1728966255,1117598990348859336
1728971440,1117642420851499413
1728976655,1117652905291480844
1728982185,1117652905291480844
1728987460,1117682998929895476
1728992770,1117682998929895476
1728998145,1117682998929895476
1729003470,1117722097569572700
1729008625,1117722097569572700
1729013885,1117752037320279712
1729019200,1117752037320279712
1729024455,1117779065721739112
1729029730,1117779065721739112
1729034920,1117805538693321640
1729040150,1117805538693321640
1729045335,1117828315725395058
1729050600,1117840397493027106
1729055920,1117858646887065556
1729061135,1117861223568230011
1729066425,1117881897098405311
1729071725,1117891725927718415
1729076970,1117891725927718415
1729082280,1117919702724692102
1729087460,1117937459546538621
1729092660,1117939335810621175
1729097865,1117953967890902706
1729103105,1117953967890902706
1729108345,1117978706730456939
1729113520,1117994311720065009
1729118745,1117994311720065009
1729123935,1117994311720065009
1729129135,1117994311720065009
1729134305,1117994311720065009
1729139560,1117994311720065009
1729144820,1117994311720065009
1729150025,1117994311720065009
1729155210,1117994311720065009
1729160395,1118115496139181964
1729165630,1118134202823006318
1729170825,1118146385834655118
1729176060,1118153957320999224
1729181230,1118167639455208198
1729186470,1118167639455208198
1729191565,1118177399175926164
1729196700,1118184972319020463
1729201885,1118184972319020463
1729207115,1118208620091113759
1729212345,1118233379979146099
1729217555,1118238991694818081
1729222785,1118251493786532016
1729228000,1118266790286789628
1729233225,1118283577774892684
1729238365,1118295767201910847
1729243560,1118300457644470509
1729248760,1118300457644470509
1729253995,1118300457644470509
1729259200,1118339121288555982
1729264340,1118339121288555982
1729269615,1118368191317613712
1729274770,1118368191317613712
1729279885,1118368191317613712
1729285015,1118409557549342616
1729290230,1118409557549342616
1729295395,1118409557549342616
1729300525,1118409557549342616
1729305670,1118409557549342616
1729310895,1118409557549342616
1729315970,1118409557549342616
1729321140,1118491088431689022
1729326360,1118491088431689022
1729331520,1118491088431689022
1729336710,1118535110168215471
1729341910,1118535110168215471
1729347085,1118560792138375811
1729352300,1118574233370186940
1729357470,1118574233370186940
1729362590,1118574233370186940
1729367735,1118603671010498566
1729372840,1118618102334074883
1729377985,1118618102334074883
1729383125,1118618102334074883
1729388275,1118618102334074883
1729393455,1118618102334074883
1729398560,1118618102334074883
1729403695,1118618102334074883
1729408765,1118618102334074883
1729413895,1118618102334074883
1729419025,1118618102334074883
1729424225,1118750619058841489
1729429340,1118755667324952410
1729434510,1118768729733380805
1729439625,1118768729733380805
1729444735,1118795658719782506
1729449865,1118795658719782506
1729454950,1118814755732573017
1729460070,1118814755732573017
1729465205,1118814755732573017
1729470365,1118843672541281873
1729475470,1118843672541281873
1729480540,1118873087284985756
1729485635,1118873087284985756
1729490715,1118873087284985756
1729495825,1118873087284985756
1729500915,1118929714710863269
1729506035,1118943055304756900
1729511295,1118954856280921616
1729516425,1118969359987404206
1729521575,1118982479234536631
1729526725,1118982479234536631
1729531805,1119001391521012281
1729536925,1119015700441338811
1729542080,1119033826159430845
1729547195,1119036369082445945
1729552350,1119050273145951020
1729557500,1119050273145951020
1729562580,1119083519269402738
1729567660,1119083519269402738
1729572775,1119104576971545563
1729577885,1119104576971545563
1729583010,1119104576971545563
1729588145,1119147121589348281
1729593305,1119147121589348281
1729598610,1119147121589348281
1729603760,1119147121589348281
1729608875,1119201239152910656
1729613995,1119201239152910656
1729619135,1119220725038311524
1729624305,1119236971653037716
1729629450,1119245863550724750
1729634600,1119260709223600230
1729639705,1119260709223600230
1729644835,1119260709223600230
1729649995,1119291502758354085
1729655095,1119291502758354085
1729660250,1119326701501011197
1729665345,1119326701501011197
1729670480,1119326701501011197
1729675640,1119326701501011197
1729680780,1119368817777361935
1729685970,1119368817777361935
1729691135,1119368817777361935
1729696515,1119413683588332754
1729701995,1119421911029111391
1729707635,1119437214439450437
1729713100,1119437214439450437
1729718560,1119455197647669143
1729724015,1119476008133120891
1729729190,1119476008133120891
1729734305,1119476008133120891
1729739445,1119476008133120891
1729744575,1119476008133120891
1729749725,1119476008133120891
1729754890,1119476008133120891
1729760035,1119476008133120891
1729765230,1119476008133120891
1729770510,1119476008133120891
1729775700,1119609311248856262
1729780850,1119622469969692445
1729785975,1119622469969692445
1729791110,1119641191343629146
1729796290,1119653324273466151
1729801460,1119664083222544508
1729806605,1119664083222544508
1729811725,1119691425491359039
1729816840,1119700851133143277
1729821955,1119713906843097594
1729827085,1119713906843097594
1729832200,1119713906843097594
1729837335,1119713906843097594
1729842455,1119713906843097594
1729847595,1119766271297652454
1729852785,1119783030480632454
1729858080,1119792206597442863
1729863225,1119800704183924345
1729868365,1119800704183924345
1729873555,1119828844025366896
1729878730,1119841731791549619
1729883905,1119841731791549619
1729889055,1119841731791549619
1729894250,1119876376960687044
1729899415,1119892035204561375
1729904530,1119904364410439247
1729909720,1119904364410439247
1729914895,1119904364410439247
1729920030,1119904364410439247
1729925230,1119904364410439247
1729930400,1119904364410439247
1729935990,1119975585917215976
1729941415,1119975585917215976
1729946700,1120005459078342743
1729951925,1120006306472348444
1729957070,1120022600110068148
1729962225,1120022600110068148
1729967420,1120022600110068148
1729972590,1120022600110068148
1729977690,1120067710249128256
1729982875,1120073657481019082
1729988025,1120073657481019082
1729993135,1120101894390769910
1729998300,1120101894390769910
1730003435,1120101894390769910
1730008590,1120101894390769910
1730013720,1120101894390769910
1730018950,1120101894390769910
1730024235,1120170829107526958
1730029535,1120170829107526958
1730034710,1120170829107526958
1730039830,1120170829107526958
1730044965,1120170829107526958
1730050110,1120170829107526958
1730055265,1120170829107526958
1730060415,1120266680371276735
1730065585,1120275590468835571
1730070770,1120275590468835571
1730075920,1120275590468835571
1730081050,1120314048984451456
1730086160,1120328602137443586
1730091385,1120341745834527851
1730096495,1120341745834527851
1730101620,1120367044122314008
1730106770,1120367044122314008
1730111940,1120390632985696399
1730117230,1120402694123752567
1730122410,1120416396484412625
1730127615,1120416396484412625
1730132850,1120439929678423802
1730137980,1120452570045233274
1730143145,1120452570045233274
1730148280,1120477217355972451
1730153440,1120487393583798197
1730158590,1120494208035219081
1730163740,1120494208035219081
1730168930,1120520383575414827
1730174070,1120529736642048404
1730179160,1120529736642048404
1730184370,1120560871101912849
1730189570,1120574009060550684
1730194795,1120576379548512600
1730200135,1120596644074722587
1730205460,1120601422238415295
1730210615,1120622822486353609
1730215770,1120625498604018556
1730220945,1120647262368927075
1730226060,1120647262368927075
1730231195,1120672306696583470
1730236355,1120676566580561718
1730241600,1120682054556382943
1730246755,1120682054556382943
1730251910,1120682054556382943
1730257145,1120682054556382943
1730262300,1120682054556382943
1730267420,1120682054556382943
1730272600,1120682054556382943
1730277725,1120682054556382943
1730282925,1120789534283103384
1730288160,1120789534283103384
1730293415,1120803946454229632
1730298655,1120825977291430428
1730303800,1120838029656521215
1730308980,1120853229679411418
1730314150,1120862424035762644
1730319295,1120865868599267317
1730324465,1120865868599267317
1730329700,1120865868599267317
1730334810,1120865868599267317
1730339955,1120865868599267317
1730345110,1120937762178551802
1730350235,1120937762178551802
1730355405,1120937762178551802
1730360540,1120967568892080227
1730365710,1120967568892080227
1730370920,1120967568892080227
1730376180,1121011875892780366
1730381330,1121018758590912313
1730386480,1121036164608548726
1730391635,1121049791842542258
1730396815,1121052097199692027
1730401955,1121052097199692027
1730407110,1121052097199692027
1730412280,1121052097199692027
1730417420,1121052097199692027
1730422525,1121121096713878447
1730427655,1121121096713878447
1730432855,1121121096713878447
1730437990,1121121096713878447
1730443145,1121121096713878447
1730448400,1121121096713878447
1730453575,1121121096713878447
1730458835,1121121096713878447
1730464030,1121121096713878447
1730469185,1121121096713878447
1730474355,1121121096713878447
1730479515,1121121096713878447
1730484665,1121264573325945375
1730489805,1121287298778131536
1730494985,1121294189641909506
1730500150,1121302956354680622
1730505280,1121309790060165944
1730510375,1121324301896625447
1730515500,1121324301896625447
1730520635,1121324301896625447
1730525760,1121324301896625447
1730530910,1121324301896625447
1730536060,1121324301896625447
1730541230,1121396350543577183
1730546390,1121396350543577183
1730551565,1121417757745935484
1730556695,1121417757745935484
1730561840,1121417757745935484
1730566955,1121462102596945187
1730572145,1121462102596945187
1730577310,1121462102596945187
1730582450,1121462102596945187
1730587565,1121462102596945187
1730592715,1121462102596945187
1730597885,1121531927628329826
1730602990,1121543735889185279
1730608125,1121558662333192822
1730613285,1121569232747414272
1730618420,1121569232747414272
1730623565,1121569232747414272
1730628705,1121569232747414272
1730633860,1121569232747414272
1730638990,1121569232747414272
1730644100,1121569232747414272
1730649310,1121569232747414272
1730654500,1121569232747414272
1730659675,1121683495638009201
1730664820,1121683495638009201
1730670010,1121713696168215692
1730675115,1121713696168215692
1730680220,1121713696168215692
1730685330,1121713696168215692
1730690440,1121759852317556920
1730695575,1121770098379018707
1730700680,1121770098379018707
1730705790,1121770098379018707
1730710980,1121770098379018707
1730716110,1121770098379018707
1730721325,1121844273735934555
1730726480,1121853144627387341
1730731655,1121869207138215507
1730736810,1121875175818684983
1730742060,1121882404932572731
1730747245,1121905490081128511
1730752425,1121920119471189954
1730757580,1121928769132063924
1730762715,1121943003413039514
1730767870,1121952204950077081
1730773055,1121962937946705265
1730778200,1121962937946705265
1730783335,1121962937946705265
1730788470,1122001687118248852
1730793615,1122018228016568644
1730798795,1122025128050931995
1730803995,1122041088834523008
1730809275,1122044349870110622
1730814430,1122063176226457445
1730819635,1122063176226457445
1730824815,1122086716082376548
1730829960,1122096496045763262
1730835110,1122109317907179541
1730840230,1122109317907179541
1730845360,1122138638988691918
1730850520,1122145792980047445
1730855680,1122145792980047445
1730860905,1122171682290257688
1730866100,1122185294543531234
1730871230,1122198185134353244
1730876380,1122215127611681312
1730881510,1122215127611681312
1730886680,1122215127611681312
1730891985,1122215127611681312
1730897330,1122269098357425330
1730902480,1122269098357425330
1730907685,1122295679127589825
1730912895,1122295980492997832
1730918075,1122314322723274344
1730923240,1122314322723274344
1730928395,1122333484241282991
1730933525,1122347545376739102
1730938650,1122361157697709446
1730943810,1122381378045974262
1730948980,1122389868872860848
1730954125,1122400300897203556
1730959240,1122410609459847794
1730964425,1122431068531812686
1730969605,1122431068531812686
1730974880,1122453290976442293
1730980155,1122458413313750546
1730985370,1122470990075997990
1730990560,1122495623120242615
1730995690,1122503125483333876
1731000900,1122503125483333876
1731006005,1122534965292542166
1731011195,1122534965292542166
1731016390,1122558837953534838
1731021540,1122566632315903925
1731026730,1122571508017258949
1731031855,1122571508017258949
1731037020,1122590278286940525
1731042110,1122590278286940525
1731047245,1122590278286940525
1731052375,1122590278286940525
1731057520,1122590278286940525
1731062695,1122590278286940525
1731067980,1122679209734734117
1731073160,1122689309288309959
1731078330,1122689309288309959
1731083490,1122689309288309959
1731088725,1122724443905311443
1731093910,1122724443905311443
1731099070,1122724443905311443
1731104335,1122770771962774572
1731109530,1122782518268918105
1731114765,1122782518268918105
1731119935,1122782518268918105
1731125160,1122782518268918105
1731130345,1122782518268918105
1731135530,1122782518268918105
1731140695,1122865988182172629
1731145880,1122865988182172629
1731151160,1122886994621119328
1731156365,1122910322919489611
1731161510,1122910322919489611
1731166675,1122910322919489611
1731171840,1122942079498151068
1731177035,1122942079498151068
1731182230,1122942079498151068
1731187400,1122942079498151068
1731192560,1122942079498151068
1731197780,1122942079498151068
1731202935,1122942079498151068
1731208070,1122942079498151068
1731213275,1122942079498151068
1731218485,1122942079498151068
1731223675,1122942079498151068
1731228875,1122942079498151068
1731234095,1123106826950376554
1731239360,1123106826950376554
1731244590,1123106826950376554
1731249745,1123150135841659900
1731254965,1123160162618872639
1731260160,1123180804021930687
1731265330,1123180804021930687
1731270545,1123209474906288877
1731275800,1123222775160909569
1731280990,1123239830139012346
1731286120,1123252193765132977
1731291295,1123262365780314936
1731296485,1123273086108296633
1731301635,1123273086108296633
1731306810,1123273086108296633
1731311940,1123273086108296633
1731317155,1123273086108296633
1731322365,1123335670940646714
1731327680,1123347243939424843
1731332865,1123347243939424843
1731338015,1123375865392029207
1731343155,1123397353095637225
1731348410,1123404189440251001
1731353620,1123420392841849991
1731358810,1123434158218051502
1731363985,1123434158218051502
1731369185,1123458129202934500
1731374350,1123458129202934500
1731379560,1123458129202934500
1731384685,1123458129202934500
1731389895,1123458129202934500
1731395070,1123458129202934500
1731400270,1123540343313805100
1731405450,1123540343313805100
1731410670,1123540343313805100
1731415875,1123581353658284121
1731421025,1123581353658284121
1731426175,1123602326859535815
1731431310,1123602326859535815
1731436435,1123602326859535815
1731441600,1123635948092280639
1731446765,1123649063402688133
1731451940,1123673679777558154
1731457110,1123673679777558154
1731462230,1123673679777558154
1731467410,1123673679777558154
1731472570,1123673679777558154
1731477760,1123673679777558154
1731482920,1123673679777558154
1731488040,1123757502279817418
1731493190,1123767613313241285
1731498475,1123767613313241285
1731503650,1123794654041061778
1731508840,1123794654041061778
1731514030,1123825508022322930
1731519310,1123825508022322930
1731524490,1123825508022322930
1731529600,1123825508022322930
1731534725,1123872337240539318
1731539840,1123872337240539318
1731544950,1123872337240539318
1731550075,1123911789982785818
1731555220,1123911789982785818
1731560320,1123933522308586011
1731565470,1123941109090680445
1731570600,1123941109090680445
1731575735,1123973153365014531
1731580930,1123973153365014531
1731586180,1123973153365014531
1731591320,1124015502811649552
1731596500,1124015502811649552
1731601615,1124015502811649552
1731606800,1124015502811649552
1731611910,1124059788022624344
1731617005,1124070057424529715
1731622120,1124070057424529715
1731627275,1124070057424529715
1731632410,1124070057424529715
1731637505,1124070057424529715
1731642580,1124070057424529715
1731647680,1124070057424529715
1731652805,1124070057424529715
1731657900,1124070057424529715
1731663010,1124070057424529715
1731668105,1124070057424529715
1731673280,1124070057424529715
1731678415,1124070057424529715
1731683570,1124070057424529715
1731688735,1124259430762282149
1731693905,1124266934426426089
1731699000,1124266934426426089
1731704150,1124266934426426089
1731709260,1124266934426426089
1731714340,1124326506035041741
1731719455,1124326506035041741
1731724575,1124326506035041741
1731729700,1124326506035041741
1731734855,1124326506035041741
1731739975,1124326506035041741
1731745090,1124405060743498263
1731750215,1124419085603910493
1731755355,1124419085603910493
1731760625,1124439009386267311
1731765760,1124439009386267311
1731770900,1124439009386267311
1731776040,1124439009386267311
1731781160,1124486415849536874
1731786235,1124501064714268343
1731791380,1124501064714268343
1731796550,1124501064714268343
1731801670,1124501064714268343
1731806805,1124501064714268343
1731811965,1124564888386194633
1731817055,1124564888386194633
1731822135,1124564888386194633
1731827275,1124564888386194633
1731832415,1124564888386194633
1731837550,1124564888386194633
1731842815,1124564888386194633
1731848075,1124657427764603185
1731853195,1124659146066967178
1731858330,1124659146066967178
1731863465,1124683612436740493
1731868580,1124683612436740493
1731873705,1124683612436740493
1731878795,1124724868754143505
1731883980,1124724868754143505
1731889145,1124724868754143505
1731894275,1124724868754143505
1731899395,1124724868754143505
1731904485,1124724868754143505
1731909605,1124724868754143505
1731914715,1124724868754143505
1731919895,1124724868754143505
1731925090,1124835935182710507
1731930410,1124835935182710507
1731935660,1124869730839004086
1731940785,1124881746017604158
1731945895,1124895903726866134
1731951025,1124905349189495164
1731956165,1124915851956049792
1731961325,1124929481998828201
1731966490,1124938892947555848
1731971610,1124938892947555848
1731976770,1124938892947555848
1731981865,1124938892947555848
1731986980,1124938892947555848
1731992110,1124938892947555848
1731997245,1124938892947555848
1732002395,1124938892947555848
1732007570,1124938892947555848
1732012760,1125066030396919831
1732018005,1125066030396919831
1732023115,1125066030396919831
1732028250,1125066030396919831
1732033380,1125115262726960124
1732038480,1125115262726960124
1732043670,1125141829918746888
1732048830,1125141829918746888
1732053985,1125141829918746888
1732059110,1125141829918746888
1732064310,1125141829918746888
1732069455,1125141829918746888
1732074590,1125141829918746888
1732079705,1125141829918746888
1732084785,1125141829918746888
1732089915,1125141829918746888
1732095005,1125141829918746888
1732100190,1125215941584759348
1732105510,1125215941584759348
1732110670,1125215941584759348
1732115875,1125215941584759348
1732121030,1125276940861514211
1732126220,1125276940861514211
1732131435,1125276940861514211
1732136645,1125276940861514211
1732141780,1125276940861514211
1732146985,1125276940861514211
1732152180,1125376474901603514
1732157305,1125376474901603514
1732162410,1125399354166081387
1732167575,1125420688131975379
1732172730,1125420688131975379
1732177905,1125420688131975379
1732183110,1125420688131975379
1732188445,1125420688131975379
1732193710,1125420688131975379
1732198850,1125501272636865153
1732204010,1125523512464724477
1732209160,1125523512464724477
1732214335,1125552130470868034
1732219510,1125571836399094471
1732224590,1125576348600801536
1732229740,1125602837338626831
1732234900,1125603116921112543
1732240035,1125627810166815112
1732245155,1125627810166815112
1732250365,1125658821314139515
1732255535,1125658821314139515
1732260725,1125658821314139515
1732265855,1125658821314139515
1732271040,1125722818605176137
1732276310,1125738160675374140
1732281450,1125738160675374140
1732286635,1125765698774981060
1732291825,1125771062352374249
1732297040,1125771062352374249
1732302225,1125808722375890357
1732307360,1125808722375890357
1732312475,1125844541852291565
1732317645,1125844541852291565
1732322805,1125844541852291565
1732327930,1125844541852291565
1732333110,1125844541852291565
1732338235,1125844541852291565
1732343360,1125844541852291565
1732348510,1125844541852291565
1732353635,1125844541852291565
1732358825,1125965290999876889
1732364195,1125965290999876889
1732369320,1125967853754684991
1732374495,1125967853754684991
1732379640,1126017433402488307
1732384865,1126035321111946185
1732390090,1126035321111946185
1732395205,1126035321111946185
1732400380,1126085745378147859
1732405475,1126099059282560525
1732410595,1126099059282560525
1732415735,1126099059282560525
1732420880,1126099059282560525
1732426035,1126099059282560525
1732431195,1126099059282560525
1732436340,1126099059282560525
1732441490,1126099059282560525
1732446735,1126245896482369138
1732452020,1126245896482369138
1732457155,1126291539672876883
1732462270,1126291539672876883
1732467460,1126326725349212797
1732472585,1126345034471729257
1732477740,1126345034471729257
1732482895,1126345034471729257
1732488100,1126345034471729257
1732493275,1126410871277281471
1732498470,1126426248193723541
1732503625,1126426248193723541
1732508815,1126478178434872694
1732513995,1126478178434872694
1732519150,1126478178434872694
1732524310,1126524128827976906
1732529530,1126544216249546252
1732534795,1126562525473620159
1732540020,1126592372728415366
1732545225,1126592372728415366
1732550395,1126613571939092350
1732555555,1126648542777588127
1732560750,1126664551818726545
1732565920,1126688806450000427
1732571110,1126688806450000427
1732576335,1126688806450000427
1732581575,1126742455007061620
1732586760,1126742455007061620
1732591940,1126742455007061620
1732597065,1126742455007061620
1732602215,1126742455007061620
1732607350,1126835034561493558
1732612540,1126835034561493558
1732617765,1126835034561493558
1732623080,1126835034561493558
1732628325,1126908833574283862
1732633455,1126908833574283862
1732638590,1126933480483685639
1732643755,1126962266305719815
1732648905,1126972825137720184
1732654105,1126984478890398940
1732659205,1126984478890398940
1732664320,1127024741471737661
1732669460,1127024741471737661
1732674590,1127024741471737661
1732679735,1127024741471737661
1732684905,1127024741471737661
1732689995,1127024741471737661
1732695175,1127136337067646303
1732700340,1127136337067646303
1732705710,1127178837287078294
1732711020,1127192196171295934
1732716190,1127204293340706077
1732721340,1127204293340706077
1732726495,1127244415815484326
1732731675,1127270914373852056
1732736835,1127285340989676857
1732741995,1127304927848731730
1732747215,1127320798156185667
1732752420,1127330324163385824
1732757660,1127330324163385824
1732762805,1127330324163385824
1732768005,1127330324163385824
1732773215,1127330324163385824
1732778375,1127424939455809852
1732783560,1127424939455809852
1732788790,1127460392446176971
1732794045,1127460392446176971
1732799395,1127500515848397731
1732804520,1127519998045329371
1732809635,1127519998045329371
1732814805,1127550671031609580
1732819985,1127568594420699980
1732825165,1127590948029552637
1732830350,1127590948029552637
1732835480,1127627433304640323
1732840605,1127633595327645050
1732845695,1127658914539054015
1732850785,1127684370621125219
1732855950,1127705096908346540
1732861065,1127723774891879862
1732866255,1127724259789813250
1732871360,1127747408562246080
1732876685,1127776326974780632
1732882015,1127776326974780632
1732887235,1127814580618586096
1732892360,1127834435223442454
1732897485,1127840700089363054
1732902625,1127857166010685345
1732907755,1127857166010685345
1732912890,1127906102053776249
1732918045,1127912533036137667
1732923180,1127937800602721308
1732928345,1127956913632467333
1732933475,1127968739483771427
1732938570,1127995543480816076
1732943705,1128008075013166903
1732948840,1128029584834223506
1732954005,1128047191787685436
1732959220,1128056124548615509
1732964525,1128077119825297804
1732969880,1128103244179318968
1732975025,1128110808326167595
1732980175,1128140160068424523
1732985335,1128152561939047758
1732990530,1128175185699520173
1732995610,1128184524783322313
1733000750,1128184524783322313
1733005910,1128218120806292151
1733011095,1128246173793423103
1733016225,1128256138880259886
1733021375,1128275243587465392
1733026480,1128300164736122962
1733031610,1128301184398034224
1733036745,1128331480436789184
1733041860,1128352899893135740
1733047060,1128369399979177666
1733052355,1128379366818793943
1733057705,1128403852687621966
1733062925,1128412852948100947
1733068070,1128443097802790802
1733073165,1128443097802790802
1733078305,1128468310908743955
1733083450,1128468310908743955
1733088615,1128505993977414649
1733093740,1128527748025949267
1733098885,1128542890642961589
1733104005,1128567526326238196
1733109130,1128583938580569972
1733114280,1128603073423282506
1733119350,1128618276485551067
1733124515,1128638026863732725
1733129665,1128657254907909524
1733134810,1128671848221552499
1733140150,1128693874925900388
1733145420,1128711835518782931
1733150535,1128717793701132312
1733155610,1128725473002832164
1733160775,1128751558265726455
1733165870,1128767162707951915
1733170990,1128791134275777694
1733176120,1128813547209824176
1733181260,1128816944046890034
1733186345,1128816944046890034
1733191450,1128816944046890034
1733196575,1128816944046890034
1733201660,1128816944046890034
1733206790,1128923936917579899
1733211885,1128938284994465989
1733217020,1128962291393683863
1733222115,1128984076757190458
1733227260,1129000591598299307
1733232380,1129019704437012087
1733237495,1129041286728697075
1733242585,1129060477429447513
1733247730,1129078831892459204
1733252855,1129084385656795698
1733257965,1129106509646158753
1733263100,1129106509646158753
1733268230,1129152666446239981
1733273345,1129173666512482696
1733278495,1129179211978406091
1733283595,1129179211978406091
1733288695,1129227481348001060
1733293815,1129247001814291653
1733298905,1129266778129892652
1733303995,1129285542247880371
1733309140,1129302975900857169
1733314260,1129323120778364242
1733319375,1129340972105654902
1733324475,1129360648229530986
1733329600,1129378568408745881
1733334690,1129389794993378796
1733339855,1129408671862981002
1733344965,1129424654138748018
1733350070,1129452314790268495
1733355200,1129464196599991969
1733360305,1129464196599991969
1733365410,1129464196599991969
1733370530,1129513033839490403
1733375640,1129513033839490403
1733380740,1129513033839490403
1733385880,1129576196319176844
1733391035,1129596657121187362
1733396180,1129596657121187362
1733401360,1129596657121187362
1733406480,1129651997610033869
1733411630,1129651997610033869
1733416725,1129680899075141909
1733421840,1129701404916174278
1733426935,1129715668626709641
1733432050,1129723971349068691
1733437185,1129758359333679617
1733442290,1129770722739404971
1733447405,1129770722739404971
1733452505,1129770722739404971
1733457595,1129836732996979433
1733462730,1129856384555915227
1733467905,1129862225115998300
1733473090,1129889682363629923
1733478200,1129904834584074423
1733483305,1129926961741810486
1733488435,1129943495171044741
1733493550,1129966788467774931
1733498655,1129966788467774931
1733503770,1130002945770736958
1733508935,1130032465273960113
1733514065,1130049858585622857
1733519160,1130070877933827416
1733524220,1130087450601169950
1733529315,1130110644748849422
1733534405,1130110644748849422
1733539525,1130138848324531430
1733544670,1130167535396703910
1733549775,1130167535396703910
1733554890,1130167535396703910
1733559995,1130167535396703910
1733565105,1130167535396703910
1733570215,1130167535396703910
1733575310,1130277690461597057
1733580380,1130303815576567732
1733585490,1130303815576567732
1733590600,1130346705889146248
1733595685,1130366561046251029
1733600830,1130366561046251029
1733605895,1130366561046251029
1733610990,1130366561046251029
1733616105,1130366561046251029
1733621205,1130454834544207692
1733626340,1130469481070252948
1733631500,1130486150199460952
1733636640,1130486150199460952
1733641730,1130486150199460952
1733646850,1130486150199460952
1733651990,1130486150199460952
1733657125,1130598336914819244
1733662260,1130598336914819244
1733667395,1130632775452014818
1733672480,1130632775452014818
1733677605,1130632775452014818
1733682705,1130671605686214205
1733687870,1130690184016572009
1733692935,1130690184016572009
1733698100,1130690184016572009
1733703220,1130690184016572009
1733708330,1130757606546975095
1733713450,1130757606546975095
1733718585,1130757606546975095
1733723725,1130828391482410746
1733728845,1130834379133768203
1733733970,1130856198446788506
1733739090,1130889825805494832
1733744250,1130889825805494832
1733749385,1130927651353802186
1733754585,1130950304113545930
1733759765,1130969884439163915
1733764935,1130987176244234671
1733770045,1131011995400154621
1733775215,1131023956409061846
1733780365,1131052023211983889
1733785540,1131071081845424462
1733790705,1131071081845424462
1733795810,1131108337649992542
1733800950,1131108337649992542
1733806135,1131108337649992542
1733811225,1131108337649992542
1733816365,1131108337649992542
1733821605,1131210512333306954
1733826730,1131224581184326974
1733831910,1131246789021339398
1733837035,1131257820835862717
1733842170,1131279943571491296
1733847325,1131279943571491296
1733852505,1131279943571491296
1733857730,1131352504748823600
1733862840,1131366142612384917
1733868000,1131391072039011962
1733873135,1131391072039011962
1733878285,1131418007811375314
1733883430,1131453174353527054
1733888560,1131468549778350130
1733893665,1131468549778350130
1733898800,1131468549778350130
1733903925,1131529975037343814
1733909055,1131557228496826833
1733914135,1131576173949302667
1733919280,1131597170545627665
1733924375,1131618042382210850
1733929540,1131636959805736051
1733934625,1131658352683057597
1733939730,1131680473753869026
1733944885,1131692530379108815
1733950025,1131720786686954197
1733955170,1131755444537465440
1733960320,1131784052047596405
1733965400,1131804635881445512
1733970505,1131833849333962749
1733975625,1131846421824850107
1733980740,1131878391944085115
1733985900,1131904432959508499
1733991040,1131937418057593081
1733996150,1131962858603917428
1734001295,1131988522993053197
1734006460,1132014405595032371
1734011550,1132036383016456002
1734016740,1132049693627404227
1734021870,1132049693627404227
1734026975,1132116242628232893
1734032070,1132136970291889785
1734037255,1132166879658377519
1734042385,1132193655872352142
1734047465,1132215731986651615
1734052605,1132244665098421717
1734057735,1132270026783548434
1734062875,1132295786782434540
1734068015,1132321515801288916
1734073135,1132346927953656487
1734078210,1132372340986284312
1734083350,1132397756214387793
1734088460,1132423043077272292
1734093565,1132448570107184177
1734098700,1132473795929493428
1734103770,1132498686549330617
1734108980,1132524487967683037
1734114125,1132550001699001559
1734119260,1132575507720916133
1734124400,1132600411502418181
1734129520,1132626210093754015
1734134620,1132648084820438245
1734139735,1132672942411616510
1734144855,1132694174627890222
1734149950,1132694174627890222
1734155045,1132740691637012252
1734160120,1132768079634769291
1734165255,1132790461736920402
1734170400,1132790461736920402
1734175515,1132843721871027480
1734180650,1132873977263916835
1734185805,1132899879735978917
1734190970,1132925931346231709
1734196080,1132954478707101196
1734201275,1132975865050481923
1734206455,1133003642769780036
1734211580,1133029255093372497
1734216730,1133054518269895496
1734221885,1133080627278081734
1734227070,1133081599816371189
1734232245,1133125511777652986
1734237395,1133125511777652986
1734242575,1133172611310240661
1734247720,1133205533179470625
1734252905,1133230166867646529
1734258075,1133259393091996257
1734263170,1133283333796429436
1734268285,1133304279429199381
1734273465,1133337183214118426
1734278620,1133361082466656866
1734283810,1133388392813598016
1734288975,1133414636505404880
1734294200,1133439096356603287
1734299350,1133465929132009258
1734304470,1133489777987384421
1734309680,1133516820503435986
1734314870,1133538455064064792
1734320030,1133567900459599841
1734325155,1133591554492018146
1734330290,1133616071930030555
1734335495,1133642690996286494
1734340745,1133669303804937821
1734345895,1133695912376550497
1734351060,1133716163504856575
1734356225,1133741980773838352
1734361435,1133772830573998371
1734366540,1133793648718984695
1734371680,1133822414705815180
1734376820,1133849026712207905
1734381990,1133870025346733215
1734387140,1133896612466015003
1734392265,1133924534292458603
1734397420,1133949673032829656
1734402525,1133971771943254415
1734407650,1133998554765497474
1734412760,1134020347280814389
1734417895,1134051368026967241
1734423030,1134073585443464167
1734428215,1134100333360764039
1734433305,1134127207484385487
1734438450,1134149612823545158
1734443565,1134178188918320216
1734448725,1134203216705576141
1734453855,1134225469378274174
1734458965,1134252987865875035
1734464170,1134277430527904205
1734469315,1134304504831331572
1734474430,1134330210858370084
1734479565,1134356451140019100
1734484755,1134382904980902447
1734489910,1134408728310355433
1734495095,1134432785141376676
1734500245,1134460084448589650
1734505425,1134482789863011337
1734510615,1134513333485205236
1734515805,1134537564121865662
1734520935,1134564925717184752
1734526090,1134591729619404554
1734531270,1134615097253628460
1734536410,1134642456570728368
1734541595,1134669818965315795
1734546775,1134692436446700551
1734551950,1134722906210349860
1734557115,1134747401876974204
1734562265,1134775205670221713
1734567470,1134797905250306886
1734572625,1134825462313233518
1734577780,1134853722938625761
1734582935,1134880621184864035
1734588115,1134903548821256842
1734593335,1134933831650556117
1734598495,1134958469199160251
1734603640,1134986025365701721
1734608835,1135008655419675924
1734614070,1135036736802045135
1734619305,1135064734481156609
1734624455,1135090699064371845
1734629645,1135118412413704037
1734634830,1135145206121302836
1734640035,1135169602132641192
1734645210,1135197598506123276
1734650410,1135225514649636744
1734655540,1135250429507124937
1734660685,1135276847148190771
1734665865,1135304346520333811
1734670970,1135329925769231184
1734676135,1135355278070007310
1734681300,1135383342208556802
1734686415,1135410714318257741
1734691620,1135433605566344655
1734696860,1135463023312495687
1734702070,1135490284917546452
1734707265,1135516520370330298
1734712515,1135543408935661004
1734717680,1135565241995132766
1734722890,1135593219650853405
1734728155,1135620185616564163
1734733335,1135647607593643794
1734738460,1135662107181054653
1734743640,1135699514921349644
1734748795,1135721151043803139
1734753960,1135739855075432520
1734759140,1135777108271199493
1734764335,1135795736586261565
1734769535,1135827710910312996
1734774650,1135851705419623567
1734779860,1135883610910738407
1734785060,1135908409137500840
1734790220,1135927003642632857
1734795410,1135963674302175281
1734800590,1135982425000822837
1734805780,1136001070952344545
1734811020,1136038677433742378
1734816235,1136057209267056607
1734821385,1136094653447181900
1734826620,1136122693192780891
1734831850,1136150786124017052
1734837055,1136169468888689212
1734842255,1136188184761823268
1734847460,1136225680484393456
1734852640,1136244378209352970
1734857850,1136281704890519068
1734863035,1136300440755508755
1734868285,1136319057576083282
1734873495,1136356353845451794
1734878710,1136387255033562293
1734883920,1136412320693112662
1734889170,1136442316195709423
1734894460,1136468371652506755
1734899830,1136488666337702401
1734905175,1136525167340437545
1734910390,1136551830539577429
1734915605,1136578536375693976
1734920805,1136605157432362069
1734926000,1136631522997147376
1734931210,1136658097103516506
1734936375,1136684624723951354
1734941555,1136711009747569156
1734946710,1136719023851975009
1734951910,1136762321875233518
1734957110,1136788972722927529
1734962325,1136814697765820202
1734967490,1136830110235888897
1734972775,1136869528599650609
1734978025,1136886413175378929
1734983155,1136921114485987225
1734988375,1136946672305573603
1734993580,1136970001952216233
1734998795,1136992202689606016
1735004000,1137018600360599905
1735009185,1137039889477740156
1735014395,1137072196854421526
1735019585,1137090135444663049
1735024855,1137125939837279263
1735030075,1137143855009721323
1735035320,1137179892964663147
1735040535,1137202059881202829
1735045795,1137222511731011054
1735051045,1137251906798946227
1735056265,1137280867269179270
1735061535,1137311431179861950
1735066775,1137337644216793504
1735072045,1137360094804935908
1735077260,1137370542852591341
1735082425,1137397639796953632
1735087585,1137433803788232012
1735092830,1137433803788232012
1735098030,1137469958421233552
1735103270,1137506111752810413
1735108470,1137542259848345823
1735113700,1137542259848345823
1735118850,1137578410555742352
1735124075,1137624323316657380
1735129315,1137650692221068195
1735134570,1137667212106264171
1735139755,1137686725725769000
1735145010,1137727436977400036
1735150200,1137748155891698325
1735155420,1137758815954651524
1735160670,1137795009210216903
1735165855,1137831920396401893
1735171060,1137843637825293944
1735176260,1137885106521264680
1735181475,1137909100412331718
1735186670,1137939029473507226
1735191945,1137965357187932237
1735197150,1137991511531752000
1735202390,1138017300608191416
1735207655,1138036199748496376
1735212855,1138069511432436909
1735218030,1138084420098564559
1735223305,1138121051865718314
1735228565,1138138451888545750
1735233760,1138170284664896869
1735238940,1138192467202095190
1735244160,1138221525635908686
1735249365,1138246446533910676
1735254520,1138273872254999807
1735259735,1138300760841151299
1735264905,1138300760841151299
1735270105,1138357795390484822
1735275300,1138372931028040000
1735280505,1138409009499592907
1735285690,1138429930827807862
1735290885,1138461376988793602
1735296140,1138488557861083716
1735301365,1138512850873784462
1735306615,1138540442906473767
1735311790,1138565347309468794
1735317020,1138588360853354019
1735322265,1138617753972621347
1735327440,1138642107241994021
1735332655,1138660953995300203
1735337930,1138694521482185027
1735343075,1138694521482185027
1735348260,1138729849291171556
1735353515,1138765176054784872
1735358695,1138771530777901372
1735363910,1138813044178670825
1735369190,1138835835978832753
1735374395,1138871165777248416
1735379525,1138883703492378430
1735384715,1138906495842862827
1735389940,1138941834171731768
1735395125,1138974548171195633
1735400330,1138999429692363051
1735405610,1139017980824897100
1735410855,1139047839281828830
1735416050,1139054634936884163
1735421275,1139083166247660351
1735426435,1139118477376964590
1735431650,1139153821038629490
1735436835,1139153821038629490
1735442060,1139189181084962686
1735447235,1139229402724076992
1735452480,1139233478824611254
1735457685,1139262721583454656
1735462970,1139308141759487931
1735468170,1139330604127351092
1735473385,1139348472581196226
1735478570,1139379840225812462
1735483785,1139401248979720890
1735488965,1139435947693478862
1735494210,1139453070782342137
1735499480,1139458998059211436
1735504635,1139494561076406759
1735509825,1139514272677283135
1735515000,1139536055288713649
1735520210,1139565690727270406
1735525455,1139601588836342939
1735530650,1139624123743186628
1735535890,1139644559850227791
1735541075,1139674131559311145
1735546245,1139674131559311145
1735551465,1139707863684363435
1735556700,1139743399745112849
1735561865,1139778924362212859
1735567075,1139778924362212859
1735572295,1139820100179031023
1735577500,1139857911179738120
1735582710,1139886823012502173
1735587905,1139899608768639518
1735593105,1139922781724047640
1735598400,1139958754224725439
1735603585,1139958754224725439
1735608830,1140009125222080962
1735614000,1140030610738433756
1735619285,1140066542757032683
1735624530,1140066542757032683
1735629705,1140102475972949812
1735634925,1140138406856184503
1735640150,1140138406856184503
1735645295,1140198613597658546
1735650480,1140223919013684837
1735655690,1140250623791494254
1735660835,1140251720447876944
1735665980,1140288609913316228
1735671185,1140317839931094585
1735676400,1140354041766383633
1735681590,1140370432069205355
1735686760,1140405616038301882
1735692000,1140426656340755372
1735697245,1140426656340755372
1735702440,1140462702524925614
1735707690,1140499326128758642
1735713010,1140534633603621116
1735718300,1140534633603621116
1735723560,1140590559295661356
1735728805,1140606447826108586
1735734020,1140642366177142208
1735739195,1140642366177142208
1735744405,1140688242548039691
1735749630,1140714277407117257
1735754865,1140742749193393841
1735760085,1140750368224507834
1735765365,1140785527183754839
1735770585,1140810272678984614
1735775800,1140822885026707386
1735781030,1140861173240807304
1735786280,1140882683538718106
1735791500,1140918922684645720
1735796745,1140940230824270397
1735801970,1140955120146946742
1735807230,1140991214520368239
1735812435,1141021455900921887
1735817640,1141043183826418480
1735822880,1141063301217285040
1735828100,1141099313213169114
1735833365,1141110577562274366
1735838530,1141152668167377357
1735843740,1141171141353072995
1735848970,1141197236632888009
1735854145,1141206927776132155
1735859420,1141242708949258631
1735864630,1141278582778794743
1735869780,1141304642555401241
1735874965,1141321407416415814
1735880135,1141350337097231231
1735885345,1141386275859237228
1735890510,1141410441338810470
1735895670,1141437554063837162
1735900895,1141464566449807534
1735906095,1141489938076469374
1735911300,1141510636985230132
1735916470,1141536689517795104
1735921635,1141567327518218973
1735926885,1141577935590441344
1735932065,1141618118353402978
1735937270,1141637013704377228
1735942495,1141671049374197908
1735947685,1141693748697784718
1735952885,1141707564860005008
1735958135,1141742898635876692
1735963270,1141765232945022332
1735968460,1141778196846086291
1735973645,1141813489507619563
1735978845,1141848691081320702
1735984045,1141865388083646078
1735989220,1141883974234355711
1735994435,1141919275148051715
1735999705,1141919275148051715
1736004925,1141967092266810072
1736010210,1142000883962187094
1736015440,1142024985714336934
1736020660,1142024985714336934
1736025875,1142052691570031227
1736031025,1142072446378599529
1736036270,1142107886739249461
1736041575,1142115269319922479
1736046815,1142143315748120735
1736052015,1142178717666045015
1736057310,1142178717666045015
1736062565,1142214120329568684
1736067785,1142259288325198993
1736073025,1142284935418536164
1736078275,1142301533366332851
1736083480,1142320340084708782
1736088675,1142357728024154677
1736093815,1142366677643753161
1736099075,1142391325150753375
1736104275,1142430925351658038
1736109465,1142462280671740420
1736114635,1142468338603696195
1736119820,1142508202092359193
1736125065,1142533191933536279
1736130290,1142568643505339433
1736135475,1142568643505339433
1736140755,1142604095476051225
1736145950,1142639542196634588
1736151125,1142639542196634588
1736156335,1142675630730680309
1736161595,1142710000876252956
1736166770,1142744868226905910
1736172030,1142768848471219317
1736177190,1142796959205554501
1736182430,1142819465346849741
1736187690,1142850361845822432
1736192835,1142867759361463363
1736198005,1142899033581420857
1736203175,1142920551553057309
1736208350,1142920551553057309
1736213510,1142974922194611428
1736218670,1142990960988733227
1736223875,1143025716181188553
1736229090,1143025716181188553
1736234280,1143060791028663883
1736239510,1143095493551702427
1736244680,1143119852967162997
1736249845,1143151646440063144
1736255090,1143165030117995779
1736260330,1143200523069581829
1736265580,1143226799767286245
1736270800,1143251362396425116
1736276035,1143276461566916563
1736281245,1143307421673300728
1736286450,1143329037695727232
1736291600,1143346768981491449
1736296785,1143378394439070949
1736302025,1143398967597049710
1736307245,1143415245026468708
1736312470,1143452103645464505
1736317760,1143489840151274768
1736322930,1143501983783798313
1736328170,1143531961748566462
1736333395,1143562674068765451
1736338605,1143579381951751168
1736343790,1143603587140706533
1736348915,1143636653381685004
1736354125,1143675465024415605
1736359305,1143697801041900616
1736364415,1143722023531907020
1736369535,1143751521150407703
1736374735,1143784145071512704
1736379950,1143796862861466620
1736385160,1143834445251680370
1736390425,1143857810887840731
1736395635,1143857810887840731
1736400855,1143894851404607704
1736406095,1143931895759622660
1736411345,1143968961745209473
1736416535,1143995092477596268
1736421690,1144005828273555641
1736426880,1144043021710220827
1736432090,1144076277625347317
1736437270,1144103261618056192
1736442485,1144123288053277128
1736447690,1144155122488184536
1736452875,1144187166017405215
1736458045,1144211918181902422
1736463260,1144235541034263557
1736468435,1144266036002991831
1736473680,1144279218148734852
1736478815,1144302287633783757
1736483965,1144338346821583293
1736489115,1144362185135030144
1736494270,1144396405632052655
1736499435,1144410397971656794
1736504655,1144446348047561205
1736509880,1144458081502858026
1736515065,1144498124326005870
1736520305,1144518437987097703
1736525455,1144545546746382093
1736530625,1144575443492506227
1736535810,1144602382976016421
1736541020,1144625691537925362
1736546220,1144629298819647568
1736551385,1144660165469818038
1736556525,1144684269051658213
1736561660,1144698901965322572
1736566900,1144733673892913475
1736572085,1144758448756631071
1736577230,1144768441458197405
1736582400,1144803172903637019
1736587620,1144825267382360908
1736592830,1144860425623558545
1736598000,1144872657214081946
1736603210,1144907399959557437
1736608400,1144914203707132303
1736613700,1144942163026621758
1736618970,1144976880631911568
1736624120,1145004019499808438
1736629325,1145027438893305210
1736634520,1145046331237210399
1736639780,1145081021982880727
1736644915,1145081021982880727
1736650120,1145115714287212558
1736655390,1145150406973049254
1736660550,1145185117583831883
1736665715,1145185117583831883
1736670875,1145219828821701761
1736676040,1145254534709210010
1736681180,1145254534709210010
1736686370,1145305043122148386
1736691525,1145323467176608673
1736696720,1145357912418916783
1736701965,1145380946592324719
1736707175,1145392355446831988
1736712390,1145430835481214181
1736717575,1145430835481214181
1736722775,1145478277054031815
1736727925,1145495650848878616
1736733050,1145530053686880926
1736738205,1145542472381473213
1736743440,1145564443746282284
1736748620,1145602507916975088
1736753790,1145633559630824481
1736758960,1145657753413989105
1736764210,1145683455391515287
1736769395,1145705952337178636
1736774580,1145733480819161310
1736779790,1145755383459925281
1736784935,1145776476299655987
1736790105,1145807628159102630
1736795305,1145821249046699119
1736800455,1145847573597638473
1736805605,1145877421925923142
1736810820,1145904268395456773
1736816080,1145925861644985761
1736821260,1145948072693727417
1736826475,1145982689969024611
1736831655,1146009923201354897
1736836865,1146034593595595139
1736842015,1146053967590442307
1736847190,1146088043225288389
1736852400,1146094514808758279
1736857575,1146124835323655811
1736862785,1146124835323655811
1736867965,1146173928950433111
1736873110,1146209093847104898
1736878285,1146219692436547561
1736883525,1146244261553197524
1736888745,1146283188948589681
1736893880,1146314462726918765
1736899015,1146314462726918765
1736904175,1146349517350267922
1736909340,1146384572624543729
1736914540,1146384572624543729
1736919690,1146384572624543729
1736924855,1146447271317906279
1736930025,1146482175129138892
1736935205,1146517088135441825
1736940360,1146528944106865551
1736945540,1146552060606430022
1736950780,1146589539785076035
1736955970,1146613542279936291
1736961175,1146629714185342030
1736966370,1146661715573283901
1736971530,1146693426461065269
1736976770,1146715493981690597
1736981955,1146744375665178906
1736987140,1146761123569392108
1736992340,1146773134536303483
1736997515,1146815925967692927
1737002730,1146830057073528749
1737007945,1146864549920496331
1737013165,1146886319538897158
1737018415,1146917684337595750
1737023670,1146935516421559712
1737028860,1146966352929177642
1737034090,1146969938192070180
1737039355,1147004731279364147
1737044610,1147039379459055110
1737049850,1147039379459055110
1737055075,1147073747088342115
1737060255,1147108522620636203
1737065430,1147141013521115867
1737070650,1147157964681800681
1737075855,1147187829900573088
1737081085,1147214153527848647
1737086290,1147238595949234187
1737091585,1147244628431203713
1737096855,1147278574272643369
1737102095,1147313074646319743
1737107365,1147328225007290531
1737112615,1147351250894151532
1737117840,1147384564206630135
1737123040,1147416526846205037
1737128255,1147434580939763905
1737133565,1147467711174654128
1737138765,1147485870138234156
1737143945,1147507836128962488
1737149115,1147538058963369093
1737154265,1147553735420269000
1737159440,1147587421573403411
1737164575,1147602094943734081
1737169770,1147621038059292371
1737174940,1147660191210631981
1737180135,1147684463381117397
1737185410,1147707245459934232
1737190555,1147734937938096461
1737195755,1147760282246689876
1737200905,1147768375433859970
1737206125,1147789939767852506
1737211325,1147823576830187642
1737216520,1147856610978569940
1737221675,1147881965915169675
1737226870,1147890535810582283
1737232070,1147924400930849197
1737237230,1147924400930849197
1737242435,1147958472773663828
1737247620,1147997323603490455
1737252790,1148027147782964898
1737257990,1148037823282845689
1737263260,1148061452946084291
1737268545,1148095762268005596
1737273755,1148095762268005596
1737278910,1148153267794211219
1737284160,1148172698147237752
1737289375,1148199257841070824
1737294535,1148215771597574363
1737299870,1148254982145119719
1737305165,1148275074023084068
1737310345,1148303721404922859
1737315515,1148320309416853439
1737320725,1148355590240429491
1737325925,1148373948554799983
1737331135,1148400840997464742
1737336345,1148421386236833658
1737341590,1148453587488831510
1737346805,1148480645930123669
1737352065,1148500834147112456
1737357280,1148535509609329336
1737362485,1148553031308373672
1737367620,1148589023856318580
1737372875,1148607493568359439
1737378065,1148635214341714566
1737383245,1148665407825309236
1737388390,1148689891661907275
1737393525,1148711825366240131
1737398630,1148739835829135762
1737403755,1148759101581087086
1737408915,1148792652303747591
1737414085,1148804633711147587
1737419205,1148839422365406539
1737424290,1148865520318807711
1737429440,1148865520318807711
1737434580,1148896624254952977
1737439710,1148932190034201753
1737444880,1148967759061333152
1737450060,1148993900500826447
1737455195,1149007873183374460
1737460340,1149043720285792640
1737465455,1149055607975920465
1737470585,1149094509605662497
1737475675,1149117117183163670
1737480850,1149135431908866959
1737485965,1149170238752634513
1737491100,1149194956623424622
1737496225,1149218554135686982
1737501365,1149239484041582843
1737506485,1149269424698108861
1737511650,1149276414039736057
1737516780,1149317075403274557
1737521900,1149343928181849574
1737527045,1149364326583085842
1737532175,1149393355426679239
1737537340,1149420695536579678
1737542525,1149445668747319743
1737547690,1149463108951038744
1737552860,1149482749876343659
1737557975,1149517866440247510
1737563115,1149534667125463338
1737568280,1149556906027363193
1737573405,1149595145435275995
1737578555,1149619502678546267
1737583630,1149641195105377276
1737588725,1149663957170984326
1737593830,1149692417054890286
1737598910,1149715187389417270
1737604035,1149737938005863864
1737609160,1149760728364713670
1737614265,1149785248301755095
1737619350,1149813701039300968
1737624470,1149836550254835766
1737629585,1149859370745512364
1737634730,1149882134528367075
1737639890,1149910644965299977
1737645030,1149933387469234896
1737650185,1149956064785138622
1737655345,1149984088074588136
1737660510,1150006511778316902
1737665625,1150031008136902162
1737670755,1150055190971469711
1737675910,1150079577060906792
1737681080,1150102032742616349
1737686290,1150124504079306229
1737691440,1150152596322578085
1737696555,1150175063578683345
1737701685,1150197469323125708
1737706830,1150219906985272123
1737711940,1150247635256542645
1737717155,1150272714678071578
1737722360,1150296928125574835
1737727550,1150320673299405874
1737732685,1150343059741061916
1737737820,1150368886594681641
1737742960,1150393402520709576
1737748100,1150415773743185893
1737753280,1150441488081930623
1737758440,1150460261922121258
1737763560,1150487984530861690
1737768710,1150510196087756229
1737773865,1150532456578064061
1737779025,1150560201639740352
1737784150,1150582413518378899
1737789295,1150604624773040634
1737794440,1150626814180719159
1737799580,1150654577075353234
1737804715,1150677652839009914
1737809835,1150698932318552234
1737815005,1150726539740484673
1737820150,1150748636487675170
1737825255,1150770679984461996
1737830420,1150792770098259194
1737835560,1150820332055232462
1737840680,1150842408507452252
1737845835,1150863213394470753
1737850960,1150891825750930196
1737856050,1150914716487695445
1737861205,1150940064601177661
1737866335,1150960451806823409
1737871470,1150988948250983275
1737876600,1151011809540047565
1737881705,1151034648324774237
1737886790,1151057486554514314
1737891905,1151086011668251717
1737897025,1151108878148835342
1737902145,1151131722118954515
1737907280,1151159489887723345
1737912435,1151183123265344470
1737917565,1151205965208789034
1737922675,1151228784751820362
1737927770,1151257353846818413
1737932880,1151280264797341860
1737938030,1151303302257313513
1737943165,1151326328980557537
1737948265,1151355087891045941
1737953425,1151378141854086794
1737958535,1151401146528384880
1737963600,1151424217218129629
1737968735,1151453003628740700
1737973880,1151475911324956813
1737979035,1151498785417835994
1737984180,1151527369229350898
1737989240,1151550347226978424
1737994320,1151573367034690321
1737999400,1151598257630418822
1738004495,1151624301401149011
1738009550,1151648249888740707
1738014645,1151671261752147740
1738019745,1151694300025844790
1738024825,1151717400688184449
1738029955,1151746502731382867
1738035045,1151769695331026654
1738040160,1151792906766820892
1738045240,1151816077647026802
1738050300,1151845040417694361
1738055430,1151868425026360902
1738060525,1151891665092530326
1738065635,1151914478737740169
1738070760,1151943368252260216
1738075860,1151966386035074251
1738080955,1151990211390453012
1738086070,1152017382469473635
1738091165,1152041712406182369
1738096300,1152064266311823803
1738101405,1152087314567240139
1738106490,1152109812473359789
1738111605,1152138910595299457
1738116745,1152163315779309457
1738121920,1152185425768015875
1738126990,1152214483798773075
1738132115,1152237729545958692
1738137180,1152260972196184536
1738142305,1152288821407637254
1738147405,1152313395461315048
1738152570,1152336676753651133
1738157665,1152359995844227515
1738162795,1152386072705883869
1738167910,1152394912428688955
1738173050,1152437439976638764
1738178140,1152461256277041472
1738183305,1152483931347122629
1738188425,1152507180655247378
1738193525,1152536158507596519
1738198590,1152559292587323932
1738203685,1152582450611725438
1738208795,1152605603499098205
1738213900,1152634510723109450
1738218980,1152657630347388617
1738224040,1152680749448015057
1738229095,1152703863932486781
1738234210,1152732748708002842
1738239315,1152755831272736858
1738244405,1152779419601197929
1738249470,1152804786847743484
1738254550,1152830228281140712
1738259670,1152853301415400080
1738264775,1152876394022024782
1738269895,1152899408619993690
1738274985,1152928202991884466
1738280090,1152951223579355813
1738285200,1152974242681461122
1738290305,1152997756882722424
1738295405,1153026017167819358
1738300495,1153049030813066337
1738305645,1153072044935905525
1738310730,1153095050766209787
1738315840,1153123641678934234
1738320975,1153148619722182292
1738326110,1153171769875999897
1738331260,1153192310109316932
1738336385,1153220862934503697
1738341595,1153245728519032060
1738346700,1153266211628554597
1738351785,1153294538435705493
1738356865,1153317305859519326
1738361995,1153338861595291293
1738367105,1153361352192057094
1738372180,1153389483024203325
1738377295,1153411944619925744
1738382400,1153434435898045212
1738387520,1153456929801110161
1738392635,1153485047190809004
1738397720,1153507558873781568
1738402840,1153530022974939949
1738407915,1153552509384233315
1738413020,1153580609907218462
1738418130,1153603077662503536
1738423235,1153628572665382361
1738428300,1153651711469857210
1738433390,1153676102699736062
1738438475,1153698573678698336
1738443565,1153720987667996056
1738448625,1153745183451951605
1738453705,1153766027250920456
1738458805,1153794294109366044
1738463895,1153816888698024652
1738468965,1153839551854338775
1738474030,1153862214001643172
1738479120,1153890536224747286
1738484180,1153913231300540702
1738489275,1153935956158561304
1738494355,1153958697286092337
1738499455,1153987119979034428
1738504530,1154009854819682342
1738509650,1154032581075823827
1738514765,1154058921251262200
1738519875,1154083741887029624
1738524965,1154106569690661053
1738530085,1154132875570737760
1738535245,1154152321462901315
1738540350,1154180765909541693
1738545455,1154203666395536920
1738550555,1154226646879900206
1738555650,1154254171022481466
1738560760,1154278661756500221
1738565865,1154301740288152242
1738571010,1154324808149812340
1738576120,1154353418990572421
1738581220,1154376310487156748
1738586370,1154399217918455131
1738591475,1154426307350726099
1738596605,1154450798431480198
1738601725,1154473603456119971
1738606880,1154496542111812267
1738612010,1154521105548268147
1738617115,1154547858629279807
1738622280,1154570933016410865
1738627350,1154592446261790498
1738632455,1154615179371347309
1738637610,1154643595114169929
1738642725,1154666332816176248
1738647810,1154691853429178527
1738652935,1154717635968273427
1738658050,1154736487523435065
1738663150,1154764919327594929
1738668255,1154787707799505999
1738673360,1154813029046190354
1738678465,1154838965351556161
1738683560,1154862017723300633
1738688660,1154884777694380010
1738693725,1154907622739159093
1738698815,1154930464949962676
1738703875,1154959012750920604
1738708985,1154982930841941831
1738714060,1155004786345202814
1738719180,1155027721677970042
1738724340,1155056380958113194
1738729440,1155079303877889633
1738734535,1155102225201536359
1738739645,1155125151755607116
1738744735,1155153797381684639
1738749830,1155176570296775441
1738754955,1155200494885388039
1738760105,1155227575040520384
1738765220,1155250272162338552
1738770320,1155272975759723622
1738775415,1155298820708126364
1738780545,1155324168044845618
1738785680,1155346985785841427
1738790800,1155369806166793241
1738795930,1155392642299220529
1738801130,1155421711554712662
1738806290,1155443984133047551
1738811410,1155466803094797086
1738816540,1155495349183859738
1738821630,1155518140880266411
1738826760,1155543516478002706
1738831865,1155566355128569505
1738837045,1155589259539817506
1738842165,1155612120978906911
1738847280,1155640667012284913
1738852355,1155663408391184884
1738857465,1155688947255280092
1738862550,1155713428563606085
1738867665,1155737250186623514
1738872770,1155762065255655451
1738877855,1155782545751425066
1738882980,1155796062892570659
1738888135,1155796062892570659
1738893270,1155796062892570659
1738898430,1155817070457354478
1738903525,1155847197840635443
1738908625,1155871319236221534
1738913790,1155895492456350641
1738918860,1155924763329188086
1738923950,1155949674559187828
1738929065,1155973875704891615
1738934135,1155999147525089927
1738939240,1156022554701285085
1738944345,1156052857025318148
1738949450,1156077179685351357
1738954600,1156101543561392818
1738959700,1156127260135888379
1738964795,1156157293936889198
1738969880,1156180850518652681
1738975030,1156207014044471645
1738980125,1156229656205064586
1738985185,1156260148966265301
1738990240,1156284541051012039
1738995340,1156308931048897768
1739000455,1156333322157107644
1739005505,1156363813548139694
1739010600,1156388208678052212
1739015715,1156412598224519701
1739020855,1156442066590382555
1739025920,1156467463914127603
1739030980,1156491843698347912
1739036075,1156516224535758759
1739041185,1156544972930753260
1739046335,1156570883080388278
1739051480,1156595040932125690
1739056570,1156622821011204464
1739061650,1156643397996516753
1739066775,1156673617883894642
1739071895,1156697793432354994
1739076970,1156721969357275967
1739082055,1156746130256167044
1739087165,1156776337249682199
1739092280,1156800517314593383
1739097360,1156824697486681489
1739102470,1156848875372539241
1739107585,1156878990441541691
1739112670,1156902902235966934
1739117755,1156926864686462024
1739122875,1156950777391421996
1739127990,1156980699978356323
1739133145,1157004637698346618
1739138260,1157031724059428721
1739143445,1157058680037026759
1739148570,1157082692735896395
1739153735,1157105780319586637
1739158915,1157127972631716876
1739164095,1157155732778755958
1739169195,1157177898044543019
1739174390,1157200083694861667
1739179625,1157227792352638036
1739184745,1157249901370410391
1739189895,1157272188403954536
1739195020,1157294076357758259
1739200160,1157321708324941082
1739205315,1157346909611204092
1739210440,1157370454091077962
1739215565,1157394076310250979
1739220785,1157418060087060255
1739225910,1157441575267787316
1739231045,1157465183628249671
1739236200,1157488883448326755
1739241325,1157512381066734780
1739246475,1157535946607974922
1739251660,1157559784617681630
1739256840,1157583532264845928
1739261985,1157607097426715640
1739267145,1157630681496044771
1739272280,1157654081299920818
1739277440,1157677532831674526
1739282655,1157701110190704860
1739287840,1157724576205298394
1739292965,1157747847576424117
1739298115,1157770969610850528
1739303275,1157794107849656120
1739308495,1157817473804494282
1739313715,1157841004385317585
1739318850,1157864202589697864
1739324000,1157887410132195604
1739329155,1157910710844709155
1739334305,1157934015677313751
1739339485,1157957409650208403
1739344590,1157980442227597476
1739349770,1158003835402344675
1739354950,1158027226174555566
1739360040,1158050174487630729
1739365130,1158073086929395920
1739370300,1158096348512924386
1739375425,1158119443514773551
1739380590,1158142380500867640
1739385860,1158165727510237757
1739391025,1158188471162254394
1739396215,1158211621310477845
1739401380,1158234806685728495
1739406535,1158257780922821794
1739411710,1158280959925645096
1739416890,1158298117928498311
1739422080,1158315167084944729
1739427270,1158329044682788113
1739432435,1158348683959484327
1739437640,1158364606577343863
1739442840,1158381879240018801
1739448100,1158400656640529211
1739453280,1158416937725621769
1739458445,1158433224119471630
1739463600,1158453330603998997
1739468725,1158469312349862105
1739473895,1158485428704183899
1739479055,1158501679043156952
1739484225,1158521644343364458
1739489360,1158537534289477384
1739494535,1158553496210209496
1739499750,1158573513757080163
1739504920,1158589509312642436
1739510090,1158605529848266653
1739515215,1158625540999221689
1739520330,1158641564844682451
1739525530,1158657577276030067
1739530705,1158677570514592721
1739535890,1158693584044749656
1739541065,1158709639208224310
1739546220,1158725741162257919
1739551390,1158745864637575578
1739556580,1158763003694545239
1739561730,1158780098239892228
1739566915,1158798100173956232
1739572060,1158814192053493342
1739577245,1158830314765439596
1739582410,1158850495045921590
1739587605,1158866642302298363
1739592730,1158882789656091479
1739597870,1158898953516288501
1739603070,1158919120123876470
1739608300,1158935284563658636
1739613425,1158955031212228649
1739618600,1158971598406082910
1739623815,1158989175868586570
1739628950,1159003908420442014
1739634100,1159024071927526275
1739639220,1159040216784506230
1739644380,1159056359048692810
1739649500,1159076530114672389
1739654625,1159092665951267347
1739659770,1159108798321073037
1739664930,1159124929341601072
1739670070,1159145093695148644
1739675230,1159159979324853283
1739680430,1159174920116867681
1739685550,1159193595855507239
1739690695,1159208536852798289
1739695860,1159225323921583841
1739701025,1159238439903295820
1739706175,1159257130295058246
1739711300,1159272082535202026
1739716450,1159287036728021012
1739721595,1159305726337580259
1739726790,1159320675195035469
1739731925,1159335606995351956
1739737110,1159354304760392857
1739742260,1159369252183473403
1739747435,1159384655555737678
1739752540,1159399160074485032
1739757685,1159417856255547891
1739762830,1159434184421330423
1739767980,1159447785035159064
1739773165,1159466466121993607
1739778280,1159481423398376387
1739783415,1159496381281191753
1739788615,1159512590087084058
1739793745,1159530087866359114
1739798930,1159545424579162197
1739804085,1159562094119923658
1739809285,1159578894124419188
1739814465,1159593971778332769
1739819585,1159608955592038583
1739824750,1159627755030459115
1739829920,1159642859560974407
1739835055,1159659458947937839
1739840275,1159673069204746896
1739845375,1159691986717353752
1739850555,1159707148051412356
1739855710,1159722307679347236
1739860855,1159741254566846007
1739865910,1159756412690452160
1739871040,1159771601054829269
1739876180,1159786788575828830
1739881320,1159805770249638240
1739886485,1159821014495163586
1739891655,1159838461802014560
1739896865,1159855242131089872
1739902065,1159870467526150048
1739907195,1159885749125765840
1739912360,1159904934982068633
1739917585,1159920197725041005
1739922775,1159935900005968980
1739927920,1159954635562980066
1739933050,1159969852059532460
1739938235,1159987076237884378
1739943405,1160000220993186201
1739948540,1160019266859794403
1739953685,1160036072498030829
1739958815,1160050981337597437
1739964030,1160068930876687002
1739969240,1160084238780103067
1739974390,1160100987231829223
1739979550,1160116157917169171
1739984690,1160131373057566139
1739989860,1160150386139032925
1739995015,1160165517435789193
1740000170,1160180592656012655
1740005355,1160199400131283259
1740010525,1160214460207702723
1740015710,1160229536164625763
1740020925,1160248344533896663
1740026090,1160263360003041571
1740031255,1160278373865018933
1740036410,1160293388159083005
1740041635,1160311543099468921
1740046770,1160326626948078671
1740051930,1160345527843564961
1740057105,1160360564104142130
1740062290,1160377332311210567
1740067420,1160394381450509387
1740072550,1160409406956821924
1740077755,1160424360019219700
1740082935,1160439940695532845
1740088105,1160457962947942408
1740093310,1160472871275278556
1740098465,1160487776749665289
1740103630,1160506457929753775
1740108770,1160521401962289111
1740113955,1160536359040526422
1740119150,1160555051542910446
1740124290,1160569998869207215
1740129465,1160587849085114257
1740134615,1160603840865464530
1740139825,1160618934130763273
1740144945,1160633996664242778
1740150100,1160649022851876859
1740155260,1160667961477253685
1740160440,1160683172512881161
1740165635,1160701765347897128
1740170850,1160717305992500921
1740176025,1160732470105777243
1740181195,1160747703442108967
1740186375,1160766850278854534
1740191530,1160781379967928579
1740196650,1160796675614284172
1740201790,1160815795764182771
1740206990,1160831091530816193
1740212120,1160846383817694149
1740217270,1160862384631023578
1740222410,1160880791112377479
1740227550,1160896061449858654
1740232700,1160911348875162734
1740237865,1160930465538313680
1740243065,1160945760432031719
1740248250,1160961052810520255
1740253465,1160980167080058408
1740258590,1160995457912836354
1740263765,1161010749251052767
1740268910,1161026037894045426
1740274075,1161045148639543124
1740279220,1161060438317777955
1740284385,1161075713148738531
1740289575,1161094770173127606
1740294690,1161110036756458901
1740299800,1161125215245671942
1740304960,1161144247847644597
1740310100,1161159462241025453
1740315220,1161174635899639954
1740320375,1161189806357872086
1740325485,1161208783658385748
1740330635,1161223936902892079
1740335785,1161239107318523079
1740340965,1161258070877877897
1740346145,1161273236125524929
1740351325,1161288588162326111
1740356520,1161303432064369303
1740361720,1161322213793738492
1740366920,1161337145339823431
1740372130,1161353864542212052
1740377255,1161370817632053876
1740382380,1161385784189567082
1740387495,1161400798534374357
1740392575,1161419716253905686
1740397720,1161434871207242701
1740402830,1161450007949655394
1740407940,1161465131900092484
1740413005,1161484075016963483
1740418115,1161500160771414873
1740423240,1161515571673496888
1740428305,1161529255868021686
1740433385,1161548159715560375
1740438465,1161563370843145066
1740443545,1161580215661021546
1740448670,1161593863457089091
1740453730,1161608474346927570
1740458840,1161626487006732360
1740463910,1161640882547935936
1740469005,1161657733822142655
1740474075,1161671680376020323
1740479165,1161688010258175264
1740484240,1161702296712495852
1740489325,1161718118098256212
1740494395,1161731241658559557
1740499500,1161749331156144316
1740504670,1161763860036940377
1740509790,1161778447900467248
1740514885,1161796285578481449
1740520045,1161811378501073047
1740525140,1161826003736452558
1740530250,1161840627541024059
1740535390,1161858913623317202
1740540515,1161873554702785035
1740545655,1161888196340414013
1740550770,1161902863600594224
1740555860,1161921208882688938
1740560950,1161935878265182048
1740566070,1161950534772215128
1740571170,1161965205464477352
1740576300,1161983543634072093
1740581440,1161998563966391195
1740586515,1162012995802988013
1740591620,1162030925718990981
1740596650,1162045969846941858
1740601730,1162060578160267124
1740606835,1162075227389739361
1740611905,1162089834638765625
1740617000,1162108108840906163
1740622070,1162122724862832515
1740627135,1162137345266765153
1740632230,1162151966767792210
1740637330,1162166587733823000
1740642440,1162185213090663258
1740647515,1162199832798336590
1740652595,1162214484744495100
1740657710,1162229130051066455
1740662780,1162247405808949049
1740667835,1162262252750545631
1740672920,1162277170427163808
1740677980,1162293287401565090
1740683170,1162310491761138673
1740688385,1162326259799022256
1740693555,1162340189825421952
1740698740,1162358722174647858
1740703935,1162373909907156254
1740709150,1162388059586469560
1740714310,1162401015608397669
1740719535,1162411381557081868
1740724730,1162421755270620989
1740729910,1162434745395683957
1740734980,1162445122858722049
1740740075,1162455488227722654
1740745205,1162465948020145518
1740750290,1162479086772739211
1740755395,1162489616960000291
1740760515,1162500278926333989
1740765590,1162510976739886874
1740770650,1162521731828054056
1740775705,1162535337921969334
1740780815,1162547283534343446
1740785910,1162556982993719754
1740791005,1162567864381415976
1740796140,1162581484809910810
1740801205,1162592364919697904
1740806305,1162603260754968486
1740811380,1162614164473933066
1740816510,1162627802686803335
1740821575,1162638722210065737
1740826700,1162649625578363969
1740831800,1162662587748820685
1740836895,1162674219844585623
1740841980,1162685154782071307
1740847075,1162696066625072465
1740852165,1162707018601862641
1740857245,1162720721395471294
1740862360,1162731671091010094
1740867465,1162742607977030621
1740872585,1162753556535127821
1740877670,1162767240650756544
1740882835,1162778186955063093
1740887970,1162789132353031766
1740893060,1162800077138855011
1740898135,1162813840487718640
1740903225,1162824862329462586
1740908340,1162837011861591587
1740913450,1162846870695880654
1740918535,1162860621884284233
1740923620,1162871624969635027
1740928680,1162884349323450369
1740933785,1162896041891560391
1740938915,1162907406603234684
1740943980,1162918341729030507
1740949075,1162929245131217884
1740954170,1162940170882983361
1740959300,1162953741271943030
1740964415,1162964508727565779
1740969540,1162975130263367936
1740974650,1162985352119716539
1740979765,1162998128486055331
1740984835,1163009492164043150
1740989960,1163018635524448697
1740995030,1163029002895787245
1741000185,1163041855451073709
1741005270,1163052029819873564
1741010385,1163062303988256339
1741015520,1163075215372090226
1741020595,1163085647420237674
1741025690,1163096140200671537
1741030770,1163106748923652087
1741035855,1163118858438286765
1741040940,1163130748717253843
1741046040,1163141473726880543
1741051120,1163152232962868793
1741056225,1163163011378677618
1741061365,1163176500139665171
1741066445,1163187280882230807
1741071510,1163199048584434685
1741076600,1163210055214123083
1741081695,1163222176969260091
1741086760,1163232975258270178
1741091850,1163245173994857342
1741096945,1163255143452652571
1741102090,1163267983273136571
1741107180,1163278809014416498
1741112260,1163289526508547591
1741117345,1163301569711344320
1741122445,1163312574563799986
1741127580,1163322797145246013
1741132710,1163336061542723829
1741137755,1163346675884169789
1741142870,1163357302567362371
1741147970,1163367975202331132
1741153035,1163381319319716651
1741158145,1163391985042731885
1741163265,1163403016547342249
1741168420,1163413192386794268
1741173535,1163426589850739277
1741178625,1163437414390852209
1741183750,1163448239705554802
1741188840,1163458927033960847
1741193945,1163472150761858108
1741199090,1163482743313513598
1741204205,1163493358647339594
1741209305,1163506640274582706
1741214425,1163517296344526963
1741219535,1163527983690668368
1741224690,1163538671377860019
1741229770,1163550546080677890
1741234910,1163559447687805682
1741240030,1163572486980857501
1741245115,1163582915969703564
1741250205,1163593354536288595
1741255280,1163603858679989281
1741260395,1163617056538450347
1741265500,1163627635401820490
1741270590,1163638138862072032
1741275680,1163648526304148158
1741280810,1163661670223152219
1741285875,1163671944795451709
1741290990,1163682423845827078
1741296075,1163694989935444433
1741301150,1163706022741088527
1741306245,1163716511255953727
1741311325,1163727034181490686
1741316420,1163737570080318861
1741321530,1163750713709313091
1741326595,1163761204312910608
1741331685,1163771695048347147
1741336760,1163782178719069021
1741341845,1163795186379797762
1741346955,1163805609433066352
1741352015,1163816157855161009
1741357130,1163826728029968811
1741362285,1163839847339430783
1741367380,1163850357687273000
1741372545,1163860949587878605
1741377655,1163871584394791471
1741382815,1163884844586634130
1741387895,1163895464142883338
1741393020,1163906062456214409
1741398150,1163918158169907588
1741403255,1163929985713955261
1741408425,1163940640101953072
1741413565,1163951265755137661
1741418735,1163964556589557195
1741423855,1163975190498558691
1741428975,1163985823934502971
1741434115,1163996454850135988
1741439220,1164009739947585546
1741444355,1164020366229019939
1741449480,1164030993151338831
1741454565,1164043789820000005
1741459685,1164054891609995971
1741464855,1164065506227560322
1741469990,1164076119713989248
1741475140,1164089390694858296
1741480250,1164100008859396384
1741485390,1164110626423893421
1741490530,1164123862002049863
1741495640,1164146409404654701
1741500770,1164164445736914690
1741505865,1164182481986180271
1741510980,1164205022324306511
1741516105,1164223037438567654
1741521210,1164242988353909440
1741526320,1164259203986160064
1741531440,1164281538043758454
1741536590,1164300604920846375
1741541670,1164318667309496742
1741546815,1164335526995118899
1741551930,1164358122211189824
1741557010,1164376185211257461
1741562100,1164394508188560621
1741567210,1164412288286021723
1741572350,1164435183380021557
1741577475,1164452860135512521
1741582580,1164470897075399036
1741587695,1164488931524525728
1741592805,1164511475397385570
1741597925,1164529612615430715
1741603040,1164547797447457832
1741608125,1164569688532150824
1741613235,1164588722693276658
1741618370,1164606857613371683
1741623455,1164625123188181267
1741628590,1164647975421238802
1741633675,1164666279628652772
1741638785,1164684591152236271
1741643905,1164702912705481345
1741649020,1164725816902702176
1741654165,1164744142669398030
1741659290,1164762474442743014
1741664400,1164780789700866099
1741669550,1164803556978627894
1741674670,1164821759454951082
1741679735,1164839993902364270
1741684835,1164858138317011115
1741689960,1164880544084445938
1741695110,1164898641881958445
1741700240,1164918225646490916
1741705345,1164934637605450064
1741710460,1164957268919059185
1741715560,1164975125566886241
1741720625,1164992755645458953
1741725715,1165010449967828574
1741730790,1165032761335637845
1741735880,1165050618241995440
1741740975,1165070130190715165
1741746045,1165086331278577103
1741751120,1165100636930669487
1741756215,1165113661857177702
1741761310,1165126666563992042
1741766390,1165139772588458435
1741771460,1165156079552966702
1741776525,1165168975328997066
1741781615,1165181917249455762
1741786730,1165195025732967987
1741791805,1165211474292523066
1741796895,1165224447172596847
1741801975,1165237377612157598
1741807070,1165250429323454050
1741812200,1165266863611347523
1741817300,1165279949066410215
1741822410,1165293060678547412
1741827495,1165306121204926824
1741832565,1165319209498796351
1741837650,1165335570539544361
1741842725,1165348659658601341
1741847815,1165361775567850758
1741852915,1165374835677496088
1741858010,1165389255472385633
1741863085,1165405597151405172
1741868180,1165418728028712563
1741873300,1165431908978164271
1741878375,1165444898574401630
1741883480,1165460713782695226
1741888610,1165473406857315517
1741893715,1165486181388894263
1741898815,1165499488698129206
1741903885,1165514966675483489
1741908955,1165527746063119524
1741914030,1165540552079808020
1741919135,1165553354170041535
1741924210,1165566149094190346
1741929280,1165582144251878717
1741934380,1165594910552269405
1741939460,1165607689588908793
1741944540,1165620464631854718
1741949590,1165636434537827592
1741954680,1165649061172587302
1741959775,1165662240981181199
1741964905,1165676502458615305
1741970020,1165690525432149421
1741975125,1165703412011962225
1741980205,1165716288488552211
1741985285,1165729215130097068
1741990360,1165745252723015161
1741995415,1165758132696094147
1742000530,1165770987451511077
1742005590,1165783853807285722
1742010635,1165795988598271372
1742015705,1165813403209347908
1742020765,1165827268243653047
1742025855,1165841135372703066
1742030905,1165855001789338133
1742035965,1165872332032906979
1742041050,1165886224308554718
1742046150,1165900059421508679
1742051275,1165916824830501684
1742056335,1165931250287171140
1742061390,1165945112270847261
1742066465,1165958975601865489
1742071555,1165972838061263431
1742076625,1165986700315106173
1742081715,1166004025804168495
1742086755,1166017885642071531
1742091825,1166031749904054129
1742096930,1166045628215705499
1742102025,1166062955050776392
1742107090,1166076800457185623
1742112225,1166090660586101040
1742117300,1166104536220737517
1742122390,1166121863085071319
1742127480,1166135726559030976
1742132610,1166149626403227765
1742137700,1166163510978953095
1742142805,1166180882127096193
1742147915,1166194738826154215
1742153020,1166208627808476092
1742158080,1166222521827510277
1742163130,1166239885114426066
1742168205,1166253773751362723
1742173310,1166267661257455597
1742178395,1166281551332685916
1742183485,1166298913289733031
1742188580,1166312818819320918
1742193675,1166326696882466027
1742198760,1166340583365645199
1742203825,1166354433267237346
1742208935,1166371658616254473
1742214010,1166385405975406464
1742219100,1166399167830821678
1742224205,1166412960231377299
1742229275,1166430123346006900
1742234380,1166443875537786404
1742239465,1166457621857280341
1742244590,1166473910811338801
1742249680,1166488540393846303
1742254750,1166502280942994086
1742259840,1166516019208176226
1742264950,1166529750760946068
1742270085,1166546897561054908
1742275245,1166560435834117754
1742280390,1166573989081851836
1742285505,1166590934768891669
1742290585,1166604396254681663
1742295700,1166617816103994392
1742300805,1166631273431286128
1742305890,1166648425593780173
1742311005,1166662138499015011
1742316095,1166675757917818346
1742321215,1166690763356786193
1742326315,1166706128992276317
1742331435,1166719626252079627
1742336530,1166733157286276685
1742341610,1166746631596587944
1742346680,1166763528337117872
1742351820,1166777069504975738
1742356940,1166790609774436352
1742362010,1166804147064960614
1742367145,1166821061983434915
1742372295,1166834649169225205
1742377370,1166848157192525995
1742382430,1166861613781191946
1742387510,1166878392913019499
1742392640,1166891811413736453
1742397695,1166905231729380389
1742402820,1166918693629497544
1742407870,1166935603170798195
1742412950,1166949148447103002
1742418070,1166962695361313710
1742423175,1166976243559907870
1742428275,1166993112452438876
1742433350,1167006671242281865
1742438440,1167020013304228916
1742443560,1167033387226165593
1742448670,1167050130721000269
1742453790,1167063514600981515
1742458880,1167076932529423390
1742464005,1167090427834264787
1742469095,1167107417029517982
1742474225,1167121010957975764
1742479305,1167135116960767392
1742484375,1167148103271833530
1742489440,1167163662333827235
1742494500,1167178201221369936
1742499585,1167191554045620337
1742504650,1167205628207291230
1742509720,1167218255899734913
1742514795,1167234944112690561
1742519900,1167248294893938181
1742525005,1167261647418162189
1742530050,1167271838625084164
1742535110,1167289024729593997
1742540220,1167302768160382946
1742545310,1167316525809625915
1742550390,1167330254245202089
1742555500,1167347414349739531
1742560595,1167361047801488717
1742565670,1167375856270123489
1742570760,1167389750023451887
1742575860,1167403371201539203
1742580940,1167416998493526181
1742586010,1167434034673274121
1742591085,1167447665915460581
1742596190,1167461265846172702
1742601305,1167474949603526602
1742606415,1167492140670891971
1742611515,1167505892288087079
1742616565,1167519642645007453
1742621650,1167533395561757276
1742626745,1167547150662409885
1742631805,1167564344195211921
1742636890,1167578098360416914
1742641960,1167591854797903926
1742647025,1167605589819995721
1742652090,1167622735666960841
1742657155,1167636455452482123
1742662255,1167650178964517511
1742667355,1167663913006234384
1742672420,1167681159766706227
1742677475,1167694945499556551
1742682580,1167708733724303233
1742687685,1167722476369069873
1742692760,1167736261076972319
1742697850,1167753473809743762
1742702900,1167767224464987593
1742707950,1167780969044402237
1742713020,1167794663639948842
1742718075,1167811774944095216
1742723185,1167825469339491721
1742728270,1167839171914961450
1742733365,1167852873289288935
1742738470,1167869993492807014
1742743580,1167883689246293963
1742748675,1167897397628816303
1742753740,1167911114626263519
1742758860,1167928276958209046
1742763955,1167943092712229076
1742769105,1167955702069979044
1742774250,1167969382345188577
1742779355,1167986372741481632
1742784475,1167999965972050795
1742789555,1168012175489774389
1742794685,1168025913963198368
1742799815,1168043065299634927
1742804890,1168056804384382444
1742810005,1168070457453400229
1742815090,1168084131943202718
1742820215,1168101250615308198
1742825335,1168115008776282473
1742830445,1168128713971012660
1742835525,1168143996089118643
1742840620,1168159471485059789
1742845710,1168173091196080817
1742850815,1168186677971787624
1742855945,1168200261911471150
1742861055,1168217211521400486
1742866145,1168230748435446922
1742871280,1168244288575744364
1742876380,1168261163821640726
1742881495,1168274673415254000
1742886630,1168288183442870859
1742891765,1168301765378948656
1742896865,1168318665441465527
1742901950,1168332038653852291
1742907035,1168345344463008734
1742912140,1168358655349146734
1742917205,1168375413444858636
1742922300,1168388823409482491
1742927375,1168402232660993462
1742932475,1168415663101031659
1742937590,1168432488840618782
1742942645,1168445946348385083
1742947765,1168459344597058070
1742952880,1168472731845634573
1742958000,1168489462787543664
1742963125,1168502863078496193
1742968210,1168516276557552370
1742973335,1168529658964896176
1742978505,1168546398023720096
1742983615,1168559788129989349
1742988750,1168573176108072747
1742993840,1168588080559780507
1742998950,1168603490756618773
1743004015,1168617084062799362
1743009120,1168630692023190018
1743014200,1168644301280237124
1743019295,1168661337281999280
1743024435,1168674958786934824
1743029550,1168688541550276481
1743034685,1168702124807672513
1743039805,1168719101028979655
1743044915,1168732661668969437
1743050065,1168741287790338640
1743055180,1168754377664928725
1743060305,1168764849858457154
1743065455,1168775344866860114
1743070595,1168785852151275458
1743075685,1168798965973084453
1743080790,1168809439799135483
1743085925,1168819915119483987
1743091100,1168831338618207433
1743096240,1168843442419603693
1743101350,1168853886637636525
1743106465,1168864334606637757
1743111560,1168874777147539832
1743116665,1168887823465655443
1743121775,1168899346385344923
1743126915,1168908696234457721
1743132035,1168921764028805558
1743137150,1168932802012547094
1743142275,1168942765256351043
1743147390,1168953093119011332
1743152500,1168966179974979921
1743157585,1168976649192094800
1743162700,1168987120663891436
1743167825,1168997713574234615
1743172955,1169011074121632174
1743178085,1169021769969746266
1743183275,1169034241227867755
1743188415,1169046366429628813
1743193520,1169057591561687402
1743198610,1169068372707465414
1743203730,1169079415754007188
1743208830,1169093210308592712
1743213970,1169104255024607388
1743219110,1169115276846931371
1743224210,1169126310430752005
1743229335,1169140105449308299
1743234435,1169151142406012257
1743239540,1169162179521662448
1743244655,1169174929604022248
1743249720,1169187047226926773
1743254800,1169198116007450296
1743259940,1169209201290913103
1743265055,1169220287153770169
1743270185,1169234155597846066
1743275320,1169245252817402579
1743280430,1169256343836614904
1743285535,1169267434658882248
1743290730,1169281308930352854
1743295875,1169292393525787390
1743301040,1169303517551975119
1743306180,1169317401628820399
1743311335,1169325014364280376
1743316465,1169335165400644401
1743321640,1169347853429792788
1743326800,1169358002375095264
1743331965,1169368158347724809
1743337130,1169378337013369560
1743342350,1169391057016307069
1743347530,1169401234182375718
1743352660,1169411413921212880
1743357820,1169424153072830163
1743362980,1169434345177679468
1743368105,1169444541655831081
1743373185,1169457312938526347
1743378285,1169467622262051633
1743383400,1169477907733912429
1743388510,1169488148946772316
1743393615,1169500926960940661
1743398710,1169511149622605055
1743403840,1169521373196757494
1743408945,1169531596001520033
1743414005,1169544375738845143
1743419140,1169554611560132301
1743424270,1169565128911192731
1743429450,1169575078756300437
1743434555,1169587826029528988
1743439680,1169597995611756152
1743444795,1169608174311515390
1743449945,1169618355732704740
1743455135,1169631082323292870
1743460300,1169642675579126660
1743465455,1169651449651139053
1743470605,1169664183604692674
1743475735,1169674370785978028
1743480880,1169684557216046200
1743486065,1169697289809116120
1743491190,1169707472363256843
1743496275,1169719065705260937
1743501455,1169727793599024261
1743506530,1169740551277077390
1743511610,1169750814269550924
1743516765,1169760991560551914
1743521880,1169771220306103471
1743526980,1169783636572433002
1743532065,1169793684302072799
1743537155,1169803728820422424
1743542280,1169813767144570018
1743547380,1169826307901398992
1743552470,1169836369960632622
1743557560,1169846413362784549
1743562630,1169856467502753518
1743567785,1169866521636850875
1743572895,1169876394137867225
1743578025,1169886275936173522
1743583150,1169896156638637922
1743588260,1169908499200634253
1743593345,1169918366337399267
1743598425,1169928203857525388
1743603600,1169940489202534057
1743608855,1169950295292052091
1743613980,1169960085989759224
1743619085,1169969859450318152
1743624135,1169982373215310894
1743629270,1169991891044041706
1743634370,1170002528260860176
1743639545,1170011681588173203
1743644635,1170023953657768110
1743649695,1170033763399213416
1743654775,1170043573095256672
1743659850,1170055252398927976
1743664940,1170065644969999666
1743669965,1170075534110149788
1743675060,1170085341368523488
1743680150,1170095087998532043
1743685225,1170107356810334967
1743690300,1170117065357849519
1743695385,1170126888319869660
1743700520,1170136721460002675
1743705600,1170149049989426718
1743710695,1170158933096702788
1743715815,1170168819663168581
1743720890,1170178702326268287
1743726000,1170191049476526778
1743731130,1170200927188915341
1743736225,1170210805789222488
1743741300,1170220682010661780
1743746410,1170233045208265864
1743751520,1170242980687255605
1743756680,1170252994960138951
1743761785,1170263141775560519
1743766990,1170275732395078345
1743772080,1170285571506250673
1743777165,1170295425972177658
1743782275,1170305346238453784
1743787425,1170317759958816755
1743792520,1170327806265240725
1743797630,1170337927127795007
1743802755,1170348011357657055
1743807845,1170360521326972110
1743812940,1170370530974736610
1743818015,1170380540702391257
1743823120,1170390550050778648
1743828240,1170400559561358229
1743833310,1170410641113653716
1743838425,1170422057385203142
1743843525,1170430806691559875
1743848680,1170443407154713436
1743853805,1170453485496021253
1743858890,1170463563868455562
1743863970,1170476169952900331
1743869145,1170486259101897172
1743874220,1170496349395887804
1743879380,1170506439589870657
1743884505,1170519052717600922
1743889630,1170529143192130068
1743894735,1170539231593912925
1743899840,1170549332475113557
1743904960,1170561957481465038
1743910045,1170572063932638462
1743915155,1170582180422090382
1743920275,1170592275655057875
1743925375,1170604907396745313
1743930485,1170615011271072909
1743935580,1170625115453251547
1743940695,1170635220728805661
1743945860,1170647855266094897
1743950945,1170658832329862726
1743956025,1170669229060593965
1743961175,1170680746193440443
1743966355,1170691274341637873
1743971450,1170701092580501042
1743976540,1170711357926106147
1743981600,1170724253645078087
1743986645,1170734613687046014
1743991705,1170745051613551800
1743996820,1170755502213466477
1744001910,1170765968029185125
1744007005,1170779035197010474
1744012115,1170789492062105412
1744017215,1170799933989058187
1744022330,1170810485819197025
1744027450,1170823732670247165
1744032580,1170834304764737350
1744037700,1170846592235257703
1744042810,1170858036578506663
1744047910,1170868692060218972
1744053040,1170880213453519807
1744058155,1170889913518157023
1744063275,1170903127953177291
1744068355,1170913690334063762
1744073465,1170924227785615487
1744078590,1170934762728608669
1744083675,1170947929694703962
1744088735,1170956464027227714
1744093770,1170966776737099518
1744098830,1170977080936731610
1744103900,1170987371868382706
1744108965,1171000237069850301
1744114040,1171011003132435606
1744119140,1171021018694558360
1744124220,1171030421002307673
1744129310,1171042807892984932
1744134465,1171052781030424043
1744139545,1171062755218888960
1744144635,1171073042291568690
1744149775,1171085194431837604
1744154905,1171095218923259865
1744159990,1171105225811972961
1744165105,1171116087933195535
1744170210,1171128240301655597
1744175300,1171138964776131900
1744180390,1171147830480587297
1744185460,1171158479144024525
1744190525,1171170334135105157
1744195585,1171180309454789272
1744200650,1171190287500991084
1744205740,1171200282869116008
1744210870,1171212760586228156
1744215975,1171222732733113520
1744221080,1171233985898153959
1744226195,1171242595578695593
1744231295,1171254938813387708
1744236400,1171264797168693496
1744241475,1171274625155300831
1744246545,1171284444490014356
1744251625,1171296719549997421
1744256725,1171306543407071086
1744261835,1171316374003713550
1744266895,1171326202953927919
1744271985,1171338491733915054
1744277080,1171348330209046096
1744282200,1171358168970482690
1744287320,1171368859847865513
1744292405,1171380303849648749
1744297515,1171390114441432406
1744302600,1171400452950669272
1744307690,1171409821853834850
1744312775,1171422154070477584
1744317890,1171432024028734444
1744323050,1171441874606768203
1744328160,1171452352401929620
1744333265,1171464064990700736
1744338360,1171473925245044414
1744343480,1171483780358918975
1744348640,1171493026058259466
1744353730,1171502472420238927
1744358830,1171510031700088053
1744363885,1171517597523870428
1744368960,1171525168410151465
1744374075,1171534619415325327
1744379155,1171542180991222637
1744384265,1171547853817340685
1744389365,1171558150830364199
1744394425,1171565726456680989
1744399530,1171573296539658852
1744404625,1171582718320498808
1744409700,1171590252106513448
1744414750,1171597829378750072
1744419805,1171605398931145405
1744424890,1171612960155588900
1744429995,1171622426753655020
1744435080,1171630016811343148
1744440170,1171637605838281325
1744445260,1171645202517716588
1744450300,1171654688621898008
1744455405,1171662290251853479
1744460530,1171669891271755623
1744465595,1171677488939579573
1744470695,1171686959941493128
1744475750,1171693953484621385
1744480825,1171701714630896360
1744485905,1171711175725911320
1744490975,1171718742933453919
1744496025,1171726322536798960
1744501095,1171733945991654376
1744506180,1171741571676114863
1744511265,1171751104760571718
1744516325,1171758733994993293
1744521375,1171767301190647022
1744526470,1171773996471852192
1744531600,1171783532825958764
1744536685,1171791160223474480
1744541760,1171798795171733450
1744546880,1171806431187193774
1744551955,1171815950705670443
1744557065,1171823587537543097
1744562140,1171831224346552608
1744567200,1171839494736807437
1744572295,1171848415535806024
1744577395,1171856059959737108
1744582525,1171863705691267731
1744587600,1171871351572108492
1744592685,1171880909069050621
1744597770,1171888932774749195
1744602870,1171896180169771584
1744607955,1171903347364078255
1744613025,1171915259042464168
1744618090,1171930154195150173
1744623185,1171942084356540350
1744628265,1171954031766266720
1744633350,1171965867603395878
1744638465,1171981193317289285
1744643540,1171992621444543047
1744648660,1172004549674637543
1744653750,1172016470402748098
1744658865,1172031391620486666
1744663935,1172043315091782591
1744669015,1172055233737497037
1744674090,1172067118710876399
1744679190,1172081962216723214
1744684265,1172093823758681251
1744689350,1172105685397702843
1744694420,1172117545926719450
1744699500,1172132368918938899
1744704560,1172144241846014308
1744709655,1172156137125963045
1744714765,1172170128066108835
1744719805,1172179941950745465
1744724920,1172195450905390957
1744730000,1172207437379234843
1744735060,1172218660880853810
1744740140,1172230580981018395
1744745250,1172245469083440643
1744750350,1172257357529814290
1744755420,1172269249513023392
1744760505,1172281143438331493
1744765555,1172296013535166882
1744770605,1172307904188806196
1744775680,1172319793202511030
1744780795,1172331687487271498
1744785880,1172346570571460465
1744790970,1172359195815610681
1744796100,1172370436492001359
1744801210,1172382378278859659
1744806330,1172397301650694173
1744811390,1172409238061215795
1744816495,1172421157859167604
1744821605,1172433054683838539
1744826710,1172447894197791755
1744831765,1172459794578397024
1744836835,1172471672903765969
1744841880,1172483558460760015
1744847005,1172495441998347811
1744852090,1172510299868006150
1744857250,1172522185279607006
1744862335,1172534069894911305
1744867445,1172545953433840820
1744872520,1172555476484732129
1744877655,1172563168700069282
1744882785,1172570845900503816
1744887880,1172578522357821978
1744892985,1172588106094305836
1744898060,1172595796491268560
1744903175,1172603542185410403
1744908250,1172611295738826230
1744913340,1172621132543682784
1744918465,1172629002443845316
1744923545,1172636874229976920
1744928625,1172644747509713230
1744933715,1172654591317752461
1744938790,1172662463344111092
1744943905,1172670332493790811
1744949050,1172678203858869006
1744954145,1172688044071251435
1744959215,1172695914167910467
1744964310,1172703785905403596
1744969375,1172711657344909955
1744974475,1172721495563927277
1744979595,1172729365872209496
1744984685,1172737235580859484
1744989775,1172745105810726780
1744994885,1172754943400264912
1744999985,1172762812125147972
1745005095,1172770678487931744
1745010205,1172778546610593924
1745015295,1172788382718804307
1745020435,1172796252489864223
1745025525,1172804139452366590
1745030620,1172811993586996035
1745035685,1172821831442353382
1745040775,1172829702452148134
1745045900,1172837583051576822
1745050995,1172845791840115999
1745056120,1172855298169724194
1745061225,1172863181545259797
1745066300,1172871065955245310
1745071365,1172878949952186151
1745076470,1172888804605441326
1745081580,1172896676815737388
1745086695,1172904788820306244
1745091795,1172912404735936360
1745096995,1172922232166709764
1745102125,1172930660115554587
1745107250,1172937958599357378
1745112330,1172945823092831024
1745117435,1172955654857584774
1745122515,1172963528182996492
1745127590,1172972428974036746
1745132695,1172984536088406525
1745137775,1172999672382113718
1745142910,1173011782163785853
1745148030,1173023889937534335
1745153125,1173035998819397243
1745158230,1173051136374981240
1745163375,1173063247144814299
1745168465,1173076806224440335
1745173530,1173087461781176169
1745178600,1173102594772955205
1745183670,1173114702334655876
1745188760,1173126810190092866
1745193850,1173138914053256139
1745198970,1173154036431839914
1745204055,1173167189585208952
1745209175,1173178165548151189
1745214285,1173190221329019070
1745219425,1173205282431462581
1745224545,1173217322390020297
1745229655,1173229360584793376
1745234775,1173241408758139177
1745239885,1173256440820858863
1745244965,1173268490436421978
1745250065,1173280516986189676
1745255215,1173295571086727567
1745260340,1173308467407542537
1745265480,1173321123695118771
1745270590,1173334073536249075
1745275650,1173346774983080598
1745280770,1173359649819657311
1745285850,1173372293279989164
1745290950,1173385243116785858
1745296050,1173397957029357031
1745301170,1173410897752839046
1745306280,1173423499801675879
1745311360,1173436445500760139
1745316430,1173449150807814203
1745321540,1173462036079094384
1745326675,1173474712519555484
1745331750,1173487715074788966
1745336865,1173500449296889648
1745341975,1173512397616658802
1745347125,1173524215519354909
1745352220,1173537934455806046
1745357320,1173550659383220630
1745362455,1173562393361748920
1745367570,1173574131761226218
1745372710,1173587860269129355
1745377830,1173600535296612016
1745382915,1173612265517501323
1745388015,1173624797708477867
1745393105,1173634739025266016
1745398200,1173645414824205361
1745403265,1173655323660771239
1745408405,1173666964745439430
1745413510,1173676943714780523
1745418605,1173687706453921056
1745423705,1173697680322501000
1745428795,1173709102207323350
1745433910,1173719822943654066
1745439030,1173730538132986747
1745444150,1173741003416420571
1745449230,1173751720727154999
1745454340,1173762164825797940
1745459445,1173772868101486854
1745464565,1173783586815716830
1745469680,1173794067254938231
1745474780,1173804802281943198
1745479875,1173815294455975655
1745484995,1173826028074259491
1745490110,1173836549218984599
1745495255,1173847382743061629
1745500360,1173858066444034753
1745505510,1173868818165074717
1745510600,1173879307885205051
1745515680,1173889819669859605
1745520785,1173900461940888770
1745525910,1173911178016620920
1745531035,1173921641210102334
1745536175,1173932345244470915
1745541340,1173943059267508817
1745546505,1173953769631766292
1745551620,1173964531271778972
1745556790,1173975198075707473
1745561910,1173985941852311696
1745567020,1173996341164706604
1745572125,1174007055477024723
1745577225,1174017543095900209
1745582380,1174028252876256209
1745587515,1174038975614329882
1745592660,1174049730169420346
1745597785,1174060452448372603
1745602920,1174070953661239928
1745608000,1174081726288804795
1745613090,1174092142657016241
1745618165,1174102846089776965
1745623275,1174113391406515819
1745628395,1174124163678783992
1745633535,1174134822888036772
1745638605,1174145324196230644
1745643720,1174155741507573188
1745648835,1174166130336476985
1745653930,1174176339740596978
1745659015,1174186848769431912
1745664115,1174197108977570772
1745669230,1174207659377306008
1745674340,1174218108685709729
1745679430,1174228362804209326
1745684560,1174238899876826094
1745689650,1174249162625000677
1745694780,1174259607759822468
1745699860,1174269860170808115
1745704980,1174280356596114866
1745710050,1174290651261366876
1745715160,1174301095775065324
1745720215,1174311341973579182
1745725310,1174321590930986148
1745730435,1174332136867668079
1745735570,1174342585521452946
1745740640,1174352829857854280
1745745775,1174363290490773106
1745750875,1174373536386778633
1745756005,1174383933265116447
1745761165,1174394381335243690
1745766295,1174404985440454434
1745771375,1174415353143527741
1745776480,1174425971667176881
1745781610,1174436589567772163
1745786750,1174446960548371315
1745791835,1174457577897571351
1745796935,1174467948885835243
1745802005,1174478570083344883
1745807075,1174488953155266161
1745812130,1174499349153117198
1745817195,1174509716214043665
1745822265,1174520299480666039
1745827340,1174530707317057522
1745832405,1174541124230644272
1745837475,1174551448768027662
1745842615,1174562070274548106
1745847785,1174572690093015849
1745852965,1174583373819321348
1745858170,1174594303431247228
1745863395,1174605017305904157
1745868585,1174615700131715794
1745873745,1174626341428031299
1745878890,1174636973479358929
1745884060,1174647606263926967
1745889225,1174658256736550610
1745894390,1174668912364875250
1745899500,1174679562479300497
1745904630,1174689255508338388
1745909750,1174696675212971798
1745914940,1174704449082552187
1745920080,1174711853467160855
1745925200,1174719466766373735
1745930320,1174727019142895586
1745935415,1174734422279363215
1745940530,1174741978784217977
1745945675,1174749406735952452
1745950780,1174756671609648572
1745955885,1174764124606805207
1745961020,1174771574239741060
1745966135,1174778886729193866
1745971230,1174786373411035796
1745976290,1174793685024086777
1745981395,1174800976749429760
1745986480,1174808438525630785
1745991565,1174815726395434906
1745996705,1174823185896667434
1746001795,1174830495974186885
1746006930,1174837986711060391
1746012015,1174845465566922324
1746017100,1174852757910291400
1746022275,1174860260854019258
1746027930,1174868461652600117
1746033570,1174876673538916110
1746039115,1174884710773734405
1746044620,1174892731151256163
1746050110,1174900737463749410
1746055720,1174908917635390560
1746061180,1174916757123144467
1746066660,1174924758959925743
1746072150,1174932765535207761
1746077695,1174940763516043585
1746083245,1174948781555455009
1746088715,1174956756346216779
1746094220,1174964760714632674
1746099785,1174972757013013483
1746105340,1174980728359000706
1746110790,1174988722700728544
1746116235,1174996490362075185
1746121870,1175004625842907900
1746127330,1175012597940030662
1746132850,1175020576830746427
1746138140,1175028198941401449
1746143430,1175035808675483776
1746148740,1175043377424746946
1746154010,1175050967425109304
1746159315,1175058525604555076
1746164585,1175068301539339834
1746169820,1175082985307598382
1746175150,1175097720516584004
1746180525,1175112778277949029
1746185825,1175127455141771510
1746191135,1175142207938369709
1746196445,1175157218694284238
1746201640,1175171650090156762
1746206970,1175186343535813496
1746212255,1175201050201105396
1746217505,1175215758254674120
1746222740,1175230465035276834
1746228035,1175245165732953458
1746233295,1175259800093770489
1746238545,1175274033013482205
1746243800,1175288608604271677
1746249040,1175303182904739773
1746254220,1175317425910440004
1746259490,1175332002659816851
1746264740,1175346577202321654
1746270070,1175361174349685217
1746275315,1175375777932587214
1746280535,1175389997142710309
1746285865,1175404867665809613
1746291160,1175419405905021813
1746296410,1175433683720481788
1746301660,1175448187356672140
1746306830,1175462301989119735
1746312065,1175476786097121456
1746317270,1175490981793100068
1746322525,1175505420812338534
1746327705,1175519572290401981
1746332890,1175534067099699117
1746338095,1175548205479060498
1746343310,1175562342958767141
1746348515,1175576806393501579
1746353735,1175590943472660910
1746358980,1175605505161199342
1746364235,1175619908026944686
1746369455,1175634099843149849
1746374720,1175648543318961142
1746379975,1175663005481394700
1746385260,1175677475658069348
1746390605,1175692250749146560
1746395870,1175706382849964655
1746401090,1175720820043763833
1746406305,1175734959888830038
1746411560,1175749393949705452
1746416730,1175763514874021788
1746421935,1175777962968564723
1746427175,1175788766663758387
1746432375,1175800015783011677
1746437585,1175811044636945275
1746442775,1175822056068768801
1746448015,1175833353816486923
1746453220,1175844340875371065
1746458435,1175855639877008279
1746463690,1175866945981981993
1746468880,1175877987940267747
1746474055,1175889000073401159
1746479195,1175900056226327890
1746484325,1175911051227064196
1746489480,1175921821347473531
1746494615,1175932841178608379
1746499725,1175943868952535804
1746504855,1175954885177135325
1746509995,1175965655757040940
1746515185,1175976973229471435
1746520310,1175987714468853765
1746525445,1175998772062685684
1746530620,1176009826476913718
1746535795,1176020894170151420
1746541005,1176032262722526552
1746546135,1176043366854724292
1746551290,1176054219698217516
1746556425,1176065288406239398
1746561535,1176076404672817192
1746566675,1176087450204309837
1746571785,1176098281533060327
1746576930,1176109346022409571
1746582085,1176120403087883881
1746587220,1176131486949644940
1746592340,1176142507562124733
1746597490,1176153560364117746
1746602615,1176164355658405403
1746607695,1176175394174755188
1746612795,1176186134735389145
1746617890,1176197144767496434
1746622950,1176207906255650543
1746628065,1176218100647146299
1746633255,1176228666970700801
1746638320,1176238771059922051
1746643420,1176248894494575016
1746648570,1176259273692665025
1746653690,1176269633415883888
1746658835,1176279992751151589
1746663940,1176290076139409453
1746669045,1176300369429731237
1746674150,1176310418187983891
1746679255,1176320703728676633
1746684330,1176330541775714006
1746689430,1176340984579753173
1746694575,1176351428760663193
1746699640,1176361630617312784
1746704755,1176371831884816033
1746709885,1176382286023324913
1746715010,1176392714427026039
1746720170,1176403132189338339
1746725300,1176413539522185655
1746730405,1176423685242782114
1746735545,1176434073790782119
1746740660,1176444420731922469
1746745775,1176454511251770229
1746750925,1176464842340835720
1746756050,1176475171331452891
1746761160,1176485265807484354
1746766285,1176495585598478850
1746771465,1176505915268164117
1746776625,1176516367487746457
1746781810,1176526447923311722
1746786990,1176536937949763768
1746792130,1176547169009878931
1746797285,1176557422497277052
1746802490,1176567675911207045
1746807645,1176577940712109126
1746812770,1176588206312519803
1746817870,1176598226884048569
1746823065,1176608512228664024
1746828240,1176618748694551979
1746833455,1176629233820050547
1746838600,1176639484046733728
1746843825,1176649727891858974
1746849015,1176660210285346970
1746854180,1176670453274549710
1746859370,1176680694735942895
1746864505,1176690972157219527
1746869690,1176701161293666352
1746874820,1176711370722921964
1746879995,1176721586110427214
1746885075,1176731575465854883
1746890250,1176741775699357628
1746895465,1176752219328888991
1746900640,1176762409351439905
1746905840,1176772597746179452
1746911020,1176782787820661542
1746916135,1176792981232962720
1746921310,1176803165348064085
1746926505,1176813272295148542
1746931635,1176823425906466453
1746936830,1176833579430893926
1746942055,1176843768710752309
1746947205,1176853956044605542
1746952425,1176864169047903950
1746957630,1176874559846464147
1746962780,1176884747782753691
1746967980,1176894942423209949
1746973185,1176905136782511820
